#,NAME,NAME ARABIC,TYPE EN,TYPE AR,SUBTYPE EN,SUBTYPE AR,BLOCK,POINT_X_Longitude,POINT_Y_Latitude
1,AL BARAKA KINDERGARTEN,روضة البركة,EDUCATIONAL INSTITUTIONS,مؤسسات تعليمية,KINDERGARTEN,رياض الأطفال,202,50.62139684,26.2610714899999
2,AL BARAKA KINDERGARTEN,روضة البركة,EDUCATIONAL INSTITUTIONS,مؤسسات تعليمية,KINDERGARTEN,رياض الأطفال,1203,50.49658972,26.1344583399999
3,AL BAWASIM KINDERGARTEN,روضة البواسم,EDUCATIONAL INSTITUTIONS,مؤسسات تعليمية,KINDERGARTEN,رياض الأطفال,233,50.62684962,26.28675493
4,AL BUDOOR KINDERGARTEN,روضة البدور,EDUCATIONAL INSTITUTIONS,مؤسسات تعليمية,KINDERGARTEN,رياض الأطفال,1205,50.4985227,26.12962711
5,AL BURAQ KINDERGARTEN,روضة البراق,EDUCATIONAL INSTITUTIONS,مؤسسات تعليمية,KINDERGARTEN,رياض الأطفال,404,50.54735309,26.22418005
6,AL DANA KINDERGARTEN,روضة الدانة ,EDUCATIONAL INSTITUTIONS,مؤسسات تعليمية,KINDERGARTEN,رياض الأطفال,312,50.5662348899999,26.22012539
7,AL DANA KINDERGARTEN,روضة الدانة,EDUCATIONAL INSTITUTIONS,مؤسسات تعليمية,KINDERGARTEN,رياض الأطفال,916,50.5494868299999,26.1344105499999
8,AL DANA KINDERGARTEN,روضة الدانة,EDUCATIONAL INSTITUTIONS,مؤسسات تعليمية,KINDERGARTEN,رياض الأطفال,925,50.56814863,26.1289209199999
9,AL EHSAN KINDERGARTEN,روضة الإحسان,EDUCATIONAL INSTITUTIONS,مؤسسات تعليمية,KINDERGARTEN,رياض الأطفال,244,50.64304287,26.24713746
10,AL EMAM AL HASAN MODEL KINDERGARTEN,روضة الإمام الحسن النموذجية,EDUCATIONAL INSTITUTIONS,مؤسسات تعليمية,KINDERGARTEN,رياض الأطفال,1048,50.5054084,26.06593262
11,AL EMAM AL HUSSAIN KINDERGARTEN,روضة الإمام الحسين,EDUCATIONAL INSTITUTIONS,مؤسسات تعليمية,KINDERGARTEN,رياض الأطفال,745,50.58047286,26.1440532499999
12,AL EMAM MUHAMMAD BIN SAʻUD KINDERGARTEN,روضة الإمام محمد بن سعود,EDUCATIONAL INSTITUTIONS,مؤسسات تعليمية,KINDERGARTEN,رياض الأطفال,911,50.5805417799999,26.1180370199999
13,AL FARDOUS KINDERGARTEN,روضة الفردوس,EDUCATIONAL INSTITUTIONS,مؤسسات تعليمية,KINDERGARTEN,رياض الأطفال,925,50.57000337,26.13030836
14,AL FAROUQ KINDERGARTEN,روضة الفاروق,EDUCATIONAL INSTITUTIONS,مؤسسات تعليمية,KINDERGARTEN,رياض الأطفال,721,50.5577995299999,26.17427761
15,AL FATEH MODEL KINDERGARTEN,روضة الفاتح النموذجية,EDUCATIONAL INSTITUTIONS,مؤسسات تعليمية,KINDERGARTEN,رياض الأطفال,333,50.58576921,26.20512279
16,AL HAKEEM KINDERGARTEN,روضة الحكيم,EDUCATIONAL INSTITUTIONS,مؤسسات تعليمية,KINDERGARTEN,رياض الأطفال,441,50.52827417,26.20105922
17,AL HANAN KINDERGARTEN,روضة الحنان,EDUCATIONAL INSTITUTIONS,مؤسسات تعليمية,KINDERGARTEN,رياض الأطفال,364,50.5590859699999,26.2017510899999
18,AL HIDAYAH KINDERGARTEN,روضة الهداية النموذجية,EDUCATIONAL INSTITUTIONS,مؤسسات تعليمية,KINDERGARTEN,رياض الأطفال,221,50.6078868999999,26.2647483199999
19,AL JAWAHER KINDERGARTEN,روضة الجواهر,EDUCATIONAL INSTITUTIONS,مؤسسات تعليمية,KINDERGARTEN,رياض الأطفال,729,50.5714312599999,26.1649663299999
20,AL KHAIR KINDERGARTEN,روضة وحضانة الخير,EDUCATIONAL INSTITUTIONS,مؤسسات تعليمية,KINDERGARTEN,رياض الأطفال,523,50.48307803,26.19309725
21,AL KHALEEJ KINDERGARTEN,روضة الخليج,EDUCATIONAL INSTITUTIONS,مؤسسات تعليمية,KINDERGARTEN,رياض الأطفال,312,50.56484399,26.22111255
22,AL MAAʻALI GATE MODEL KINDERGARTEN,روضة بوابة المعالي النموذجية,EDUCATIONAL INSTITUTIONS,مؤسسات تعليمية,KINDERGARTEN,رياض الأطفال,730,50.52638205,26.16247381
23,AL MAʻAMEER KINDERGARTEN,روضة المعامير,EDUCATIONAL INSTITUTIONS,مؤسسات تعليمية,KINDERGARTEN,رياض الأطفال,633,50.6136528199999,26.13754801
24,AL MAJD KINDERGARTEN,روضة المجد,EDUCATIONAL INSTITUTIONS,مؤسسات تعليمية,KINDERGARTEN,رياض الأطفال,433,50.52934573,26.20998792
25,AL MAJD MODEL KINDERGARTEN,روضة المجد النموذجية,EDUCATIONAL INSTITUTIONS,مؤسسات تعليمية,KINDERGARTEN,رياض الأطفال,227,50.61115147,26.2706658799999
26,AL MANHAL KINDERGARTEN,روضة المنهل,EDUCATIONAL INSTITUTIONS,مؤسسات تعليمية,KINDERGARTEN,رياض الأطفال,743,50.57848638,26.15118418
27,AL NAHDHA KINDERGARTEN,روضة النهضة,EDUCATIONAL INSTITUTIONS,مؤسسات تعليمية,KINDERGARTEN,رياض الأطفال,342,50.60716476,26.2078158399999
28,AL NASSERIYAH KINDERGARTEN,روضة الناصرية,EDUCATIONAL INSTITUTIONS,مؤسسات تعليمية,KINDERGARTEN,رياض الأطفال,808,50.5452503699999,26.1787039099999
29,AL NASSERIYAH KINDERGARTEN,روضة الناصرية,EDUCATIONAL INSTITUTIONS,مؤسسات تعليمية,KINDERGARTEN,رياض الأطفال,1206,50.50609689,26.12277641
30,AL NOORAIN KINDERGARTEN,روضة النورين,EDUCATIONAL INSTITUTIONS,مؤسسات تعليمية,KINDERGARTEN,رياض الأطفال,432,50.53265599,26.23209499
31,AL OLA KINDERGARTEN,روضة العُلا,EDUCATIONAL INSTITUTIONS,مؤسسات تعليمية,KINDERGARTEN,رياض الأطفال,433,50.52938815,26.2102344599999
32,AL RAED KINDERGARTEN,روضة الرائد,EDUCATIONAL INSTITUTIONS,مؤسسات تعليمية,KINDERGARTEN,رياض الأطفال,104,50.65644245,26.2471991699999
33,AL RAWABI KINDERGARTEN,روضة الروابي,EDUCATIONAL INSTITUTIONS,مؤسسات تعليمية,KINDERGARTEN,رياض الأطفال,422,50.53088151,26.2206468699999
34,AL RAYYAN KINDERGARTEN,روضة الريان,EDUCATIONAL INSTITUTIONS,مؤسسات تعليمية,KINDERGARTEN,رياض الأطفال,226,50.6118644,26.27721371
35,AL SALAM KINDERGARTEN,روضة السلام,EDUCATIONAL INSTITUTIONS,مؤسسات تعليمية,KINDERGARTEN,رياض الأطفال,324,50.6091543,26.21776608
36,AL SANABEL KINDERGARTEN,روضة السنابل,EDUCATIONAL INSTITUTIONS,مؤسسات تعليمية,KINDERGARTEN,رياض الأطفال,342,50.6019994299999,26.2062308199999
37,AL SANABEL SCHOOL,مدرسة السنابل,EDUCATIONAL INSTITUTIONS,مؤسسات تعليمية,KINDERGARTEN,رياض الأطفال,342,50.60201242,26.20604256
38,AL SHOROOQ KINDERGARTEN,روضة الشروق,EDUCATIONAL INSTITUTIONS,مؤسسات تعليمية,KINDERGARTEN,رياض الأطفال,914,50.55208332,26.1303180799999
39,AL WAFA KINDERGARTEN,روضة الوفاء النموذجية,EDUCATIONAL INSTITUTIONS,مؤسسات تعليمية,KINDERGARTEN,رياض الأطفال,202,50.61986334,26.25983631
40,AL WALAA KINDERGARTEN,روضة الولاء,EDUCATIONAL INSTITUTIONS,مؤسسات تعليمية,KINDERGARTEN,رياض الأطفال,541,50.45837222,26.2087717699999
41,AL YAQEEN KINDERGARTEN,روضة اليقين,EDUCATIONAL INSTITUTIONS,مؤسسات تعليمية,KINDERGARTEN,رياض الأطفال,937,50.5725530599999,26.13959347
42,AL ZENJ NEW KINDERGARTEN,روضة الزنج الجديدة,EDUCATIONAL INSTITUTIONS,مؤسسات تعليمية,KINDERGARTEN,رياض الأطفال,330,50.5742962799999,26.2096672899999
43,ALAALDIN KINDERGARTEN,روضة علاء الدين,EDUCATIONAL INSTITUTIONS,مؤسسات تعليمية,KINDERGARTEN,رياض الأطفال,729,50.56672957,26.16950735
44,ALAHAD KINDERGARTEN,روضة العهد,EDUCATIONAL INSTITUTIONS,مؤسسات تعليمية,KINDERGARTEN,رياض الأطفال,929,50.57951914,26.12041933
45,ALANJAAL KINDERGARTEN,روضة الانجال,EDUCATIONAL INSTITUTIONS,مؤسسات تعليمية,KINDERGARTEN,رياض الأطفال,914,50.54829491,26.13079613
46,ALBARAEM ALSAGHEERA KINDERGARTEN,روضة البراعم الصغيرة,EDUCATIONAL INSTITUTIONS,مؤسسات تعليمية,KINDERGARTEN,رياض الأطفال,1206,50.50260715,26.1267165599999
47,ALBASHAYER KINDERGARTEN,روضة البشائر,EDUCATIONAL INSTITUTIONS,مؤسسات تعليمية,KINDERGARTEN,رياض الأطفال,244,50.65236866,26.24703367
48,ALBATOOL KINDERGARTEN,روضة البتول,EDUCATIONAL INSTITUTIONS,مؤسسات تعليمية,KINDERGARTEN,رياض الأطفال,606,50.60961503,26.16361329
49,ALBAYADER KINDERGARTEN,روضة البيادر,EDUCATIONAL INSTITUTIONS,مؤسسات تعليمية,KINDERGARTEN,رياض الأطفال,1204,50.4992943,26.1318965799999
50,ALDUAA KINDERGARTEN,روضة الدعاء,EDUCATIONAL INSTITUTIONS,مؤسسات تعليمية,KINDERGARTEN,رياض الأطفال,435,50.52743757,26.21414965
51,ALFURQAN KINDERGARTEN,روضة الفرقان,EDUCATIONAL INSTITUTIONS,مؤسسات تعليمية,KINDERGARTEN,رياض الأطفال,935,50.57315238,26.133298
52,ALGHADEER KINDERGARTEN,روضة الغدير,EDUCATIONAL INSTITUTIONS,مؤسسات تعليمية,KINDERGARTEN,رياض الأطفال,422,50.52861918,26.21870874
53,ALGHADEER KINDERGARTEN,روضة الغدير,EDUCATIONAL INSTITUTIONS,مؤسسات تعليمية,KINDERGARTEN,رياض الأطفال,721,50.56140177,26.1781145399999
54,ALHANEEN KINDERGARTEN,روضة الحنين,EDUCATIONAL INSTITUTIONS,مؤسسات تعليمية,KINDERGARTEN,رياض الأطفال,808,50.54518678,26.17874711
55,ALHUDA KINDERGARTEN,روضة الهدى,EDUCATIONAL INSTITUTIONS,مؤسسات تعليمية,KINDERGARTEN,رياض الأطفال,913,50.5610880899999,26.13046997
56,ALJINAN KINDERGARTEN,روضة الجنان,EDUCATIONAL INSTITUTIONS,مؤسسات تعليمية,KINDERGARTEN,رياض الأطفال,1203,50.49595483,26.1378502899999
57,ALL CHILDREN KINDERGARTEN,روضة كل الاطفال,EDUCATIONAL INSTITUTIONS,مؤسسات تعليمية,KINDERGARTEN,رياض الأطفال,332,50.5836736099999,26.2080831399999
58,ALMAHA KINDERGARTEN,روضة المها,EDUCATIONAL INSTITUTIONS,مؤسسات تعليمية,KINDERGARTEN,رياض الأطفال,1209,50.5048521399999,26.1126948
59,ALNAHDAH KINDERGARTEN,روضة النهضة,EDUCATIONAL INSTITUTIONS,مؤسسات تعليمية,KINDERGARTEN,رياض الأطفال,925,50.57365094,26.13069227
60,ALSHAMOUSE KINDERGARTEN,روضة الشموس,EDUCATIONAL INSTITUTIONS,مؤسسات تعليمية,KINDERGARTEN,رياض الأطفال,646,50.5859575599999,26.13993087
61,ALSIMAT KINDERGARTEN,روضة السمات,EDUCATIONAL INSTITUTIONS,مؤسسات تعليمية,KINDERGARTEN,رياض الأطفال,540,50.4592699399999,26.21808966
62,ALTOFOLAH ALSAEEDAH KINDERGARTEN,روضة الطفولة السعيدة,EDUCATIONAL INSTITUTIONS,مؤسسات تعليمية,KINDERGARTEN,رياض الأطفال,915,50.5554469699999,26.1380549999999
63,ALWAHA FIRST STEPS,روضة الخطوة الأولى,EDUCATIONAL INSTITUTIONS,مؤسسات تعليمية,KINDERGARTEN,رياض الأطفال,809,50.54964798,26.1690607399999
64,ANWAR AL GHADEER KINDERGARTEN,روضة أنوار الغدير,EDUCATIONAL INSTITUTIONS,مؤسسات تعليمية,KINDERGARTEN,رياض الأطفال,426,50.5243971499999,26.21831311
65,ATFAL ALMOHANNA KINDERGARTEN,روضة اطفال المهنا,EDUCATIONAL INSTITUTIONS,مؤسسات تعليمية,KINDERGARTEN,رياض الأطفال,734,50.5185374499999,26.1523939799999
66,ATFAL AWAL KINDERGARTEN,روضة أطفال أوال,EDUCATIONAL INSTITUTIONS,مؤسسات تعليمية,KINDERGARTEN,رياض الأطفال,244,50.6439824699999,26.25350162
67,BANI JAMRAH KINDERGARTEN,روضة بني جمرة,EDUCATIONAL INSTITUTIONS,مؤسسات تعليمية,KINDERGARTEN,رياض الأطفال,541,50.45869881,26.21142327
68,BEES KINGDOM KINDERGARTEN,روضة مملكة النحل,EDUCATIONAL INSTITUTIONS,مؤسسات تعليمية,KINDERGARTEN,رياض الأطفال,752,50.5057549599999,26.1487828399999
69,BIRDS KINGDOM KINDERGARTEN,روضة طيور المملكة,EDUCATIONAL INSTITUTIONS,مؤسسات تعليمية,KINDERGARTEN,رياض الأطفال,228,50.6029765199999,26.27366258
70,CAPITAL KINDERGARTEN,روضة العاصمة,EDUCATIONAL INSTITUTIONS,مؤسسات تعليمية,KINDERGARTEN,رياض الأطفال,729,50.56582153,26.1699149099999
71,CARE KINDERGARTEN,روضة الرعاية,EDUCATIONAL INSTITUTIONS,مؤسسات تعليمية,KINDERGARTEN,رياض الأطفال,1214,50.51004341,26.07131289
72,CHILD HOUSE KINDERGARTEN,روضة دار الطفل,EDUCATIONAL INSTITUTIONS,مؤسسات تعليمية,KINDERGARTEN,رياض الأطفال,340,50.60174622,26.2133099399999
73,CHILD MODEL KINDERGARTEN,روضة الاطفال النموذجية,EDUCATIONAL INSTITUTIONS,مؤسسات تعليمية,KINDERGARTEN,رياض الأطفال,421,50.54198319,26.2186700299999
74,CHILDHOOD DREAMS KINDERGARTEN,روضة أحلام الطفولة,EDUCATIONAL INSTITUTIONS,مؤسسات تعليمية,KINDERGARTEN,رياض الأطفال,1022,50.4788581199999,26.1277981399999
75,CHILDREN ISLAND KINDERGARTEN,روضة جزيرة الاطفال,EDUCATIONAL INSTITUTIONS,مؤسسات تعليمية,KINDERGARTEN,رياض الأطفال,216,50.61341652,26.24278601
76,CHILDRENS HOME KINDERGARTEN,روضة دار الاطفال,EDUCATIONAL INSTITUTIONS,مؤسسات تعليمية,KINDERGARTEN,رياض الأطفال,557,50.4587228999999,26.20361918
77,CORNER KINDERGARTEN,روضة زاوية الأطفال,EDUCATIONAL INSTITUTIONS,مؤسسات تعليمية,KINDERGARTEN,رياض الأطفال,913,50.56140665,26.1327655499999
78,DUNYA ALATFAL KINDERGARTEN,روضة دنيا الاطفال,EDUCATIONAL INSTITUTIONS,مؤسسات تعليمية,KINDERGARTEN,رياض الأطفال,807,50.54420574,26.1714261599999
79,EARLY EDUCATION KINDERGARTEN,روضة التعليم المبكر,EDUCATIONAL INSTITUTIONS,مؤسسات تعليمية,KINDERGARTEN,رياض الأطفال,915,50.5532450199999,26.1351962399999
80,ELEFRIENDS PRESCHOOL,روضة إليفرندز,EDUCATIONAL INSTITUTIONS,مؤسسات تعليمية,KINDERGARTEN,رياض الأطفال,517,50.4916387999999,26.1967843
81,FRIENDSHIP KINDERGARTEN FOR BLIND CHILDREN,روضة الصداقة للأطفال المكفوفين,EDUCATIONAL INSTITUTIONS,مؤسسات تعليمية,KINDERGARTEN,رياض الأطفال,941,50.5676828499999,26.15108147
82,FUTURE GENERATION KINDERGARTEN,حضانة أجيال المستقبل ,EDUCATIONAL INSTITUTIONS,مؤسسات تعليمية,KINDERGARTEN,رياض الأطفال,207,50.60703663,26.25873704
83,FUTURE KINDERGARTEN,روضة المستقبل,EDUCATIONAL INSTITUTIONS,مؤسسات تعليمية,KINDERGARTEN,رياض الأطفال,336,50.59022532,26.2127599999999
84,GULF PEARL HOTEL,روضة لؤلؤة الخليج,EDUCATIONAL INSTITUTIONS,مؤسسات تعليمية,KINDERGARTEN,رياض الأطفال,364,50.5527132599999,26.2021472799999
85,JANA KINDERGARTEN,روضة جنى,EDUCATIONAL INSTITUTIONS,مؤسسات تعليمية,KINDERGARTEN,رياض الأطفال,450,50.51267388,26.2210736
86,JANAT ALATFAL KINDERGARTEN,روضة جنة الاطفال,EDUCATIONAL INSTITUTIONS,مؤسسات تعليمية,KINDERGARTEN,رياض الأطفال,802,50.54117345,26.18386221
87,JIDHAFS KINDERGARTEN,روضة جدحفص,EDUCATIONAL INSTITUTIONS,مؤسسات تعليمية,KINDERGARTEN,رياض الأطفال,425,50.5394786399999,26.2144008299999
88,KIDS 'R' KIDS KINDERGARTEN,روضة كيدز آر كيدز,EDUCATIONAL INSTITUTIONS,مؤسسات تعليمية,KINDERGARTEN,رياض الأطفال,941,50.5661278099999,26.15278902
89,KIDZ WORLD KINDERGARTEN,روضة عالم الأطفال,EDUCATIONAL INSTITUTIONS,مؤسسات تعليمية,KINDERGARTEN,رياض الأطفال,327,50.58592093,26.2150491999999
90,KINDERGARTEN BAHRAIN CLUB MODEL,روضة نادي البحرين النموذجية ,EDUCATIONAL INSTITUTIONS,مؤسسات تعليمية,KINDERGARTEN,رياض الأطفال,223,50.61120245,26.26167551
91,LITTLE EXPLORER KINDERGARTEN ,روضة المستكشف الصغير,EDUCATIONAL INSTITUTIONS,مؤسسات تعليمية,KINDERGARTEN,رياض الأطفال,107,50.6527448399999,26.23809577
92,MADELEINES KINDERGARTEN,روضة مادلين,EDUCATIONAL INSTITUTIONS,مؤسسات تعليمية,KINDERGARTEN,رياض الأطفال,332,50.58224947,26.2112630799999
93,MAJID AL ZAYANI KINDERGARTEN,روضة ماجد الزياني,EDUCATIONAL INSTITUTIONS,مؤسسات تعليمية,KINDERGARTEN,رياض الأطفال,914,50.55175776,26.13354985
94,MUHARRAQ CLUB KINDERGARTEN,روضة نادي المحرق,EDUCATIONAL INSTITUTIONS,مؤسسات تعليمية,KINDERGARTEN,رياض الأطفال,240,50.6279577999999,26.2551922
95,NOOR ALMAARIF KINDERGARTEN,روضة نور المعارف,EDUCATIONAL INSTITUTIONS,مؤسسات تعليمية,KINDERGARTEN,رياض الأطفال,1204,50.50881153,26.13262127
96,RUFAIDA KINDERGARTEN,روضة رفيدة,EDUCATIONAL INSTITUTIONS,مؤسسات تعليمية,KINDERGARTEN,رياض الأطفال,325,50.58945545,26.2220548399999
97,SACRED HEART SCHOOL - KINDERGARTEN,مدرسة القلب المقدس - روضة أطفال,EDUCATIONAL INSTITUTIONS,مؤسسات تعليمية,KINDERGARTEN,رياض الأطفال,307,50.5801839599999,26.22663417
98,SAFA KINDERGARTEN,روضة صفا ,EDUCATIONAL INSTITUTIONS,مؤسسات تعليمية,KINDERGARTEN,رياض الأطفال,212,50.6211310099999,26.2522986
99,SARAH KINDERGARTEN,روضة سارة,EDUCATIONAL INSTITUTIONS,مؤسسات تعليمية,KINDERGARTEN,رياض الأطفال,709,50.55323312,26.18000009
100,SEDRAT ALASAFEER KINDERGARTEN,روضة سدرة العصافير,EDUCATIONAL INSTITUTIONS,مؤسسات تعليمية,KINDERGARTEN,رياض الأطفال,241,50.63765739,26.25317279
101,SINDIBAD KINDERGARTEN,روضة السندباد,EDUCATIONAL INSTITUTIONS,مؤسسات تعليمية,KINDERGARTEN,رياض الأطفال,752,50.50656412,26.1488525199999
102,SMALL STARS KINDERGARTEN,روضة النجوم الصغيرة,EDUCATIONAL INSTITUTIONS,مؤسسات تعليمية,KINDERGARTEN,رياض الأطفال,923,50.57169179,26.13309642
103,SMALL WORLD KINDERGARTEN,روضة العالم الصغير,EDUCATIONAL INSTITUTIONS,مؤسسات تعليمية,KINDERGARTEN,رياض الأطفال,444,50.51720944,26.2289420799999
104,SMART START KINDERGARTEN,روضة البداية الذكية,EDUCATIONAL INSTITUTIONS,مؤسسات تعليمية,KINDERGARTEN,رياض الأطفال,939,50.5776528299999,26.13350829
105,TAREEQ AL KHAIR KINDERGARTEN,روضة طريق الخير,EDUCATIONAL INSTITUTIONS,مؤسسات تعليمية,KINDERGARTEN,رياض الأطفال,233,50.63076052,26.2822306099999
106,THE BUDAIYA PRE-SCHOOL,حضانة البديع,EDUCATIONAL INSTITUTIONS,مؤسسات تعليمية,KINDERGARTEN,رياض الأطفال,517,50.4863392,26.2056570899999
107,THE EARLY KINDERGARTEN,روضة الأوائل,EDUCATIONAL INSTITUTIONS,مؤسسات تعليمية,KINDERGARTEN,رياض الأطفال,705,50.54774183,26.18367297
108,THE LEARNING TREE NURSERY & KINDERGARTEN,روضة وحضانة شجرة التعليم,EDUCATIONAL INSTITUTIONS,مؤسسات تعليمية,KINDERGARTEN,رياض الأطفال,1014,50.47500326,26.14491606
109,TINY TIPS PRE SCHOOL,روضة الأنامل الصغيرة,EDUCATIONAL INSTITUTIONS,مؤسسات تعليمية,KINDERGARTEN,رياض الأطفال,336,50.59210375,26.20796577
110,YOUNG DEER KINDERGARTEN,روضة الغزلان الصغيرة,EDUCATIONAL INSTITUTIONS,مؤسسات تعليمية,KINDERGARTEN,رياض الأطفال,1206,50.50535757,26.12606736
111,ZALLAQ KINDERGARTEN,روضة زلاق,EDUCATIONAL INSTITUTIONS,مؤسسات تعليمية,KINDERGARTEN,رياض الأطفال,1056,50.4913467599999,26.0487514
112,ZINAT AL HAYAT KINDERGARTEN,روضة زينة الحياة,EDUCATIONAL INSTITUTIONS,مؤسسات تعليمية,KINDERGARTEN,رياض الأطفال,1211,50.5057450099999,26.09203399
113,ZUHOOR AL BANAFSAJ KINDERGARTEN,روضة زهور البنفسج,EDUCATIONAL INSTITUTIONS,مؤسسات تعليمية,KINDERGARTEN,رياض الأطفال,434,50.5331237999999,26.23150379
114,AL RIFFA LEARNING RESOURCE KNOWLEDGE CENTER,مركز الرفاع لمصادر المعرفة,EDUCATIONAL INSTITUTIONS,مؤسسات تعليمية,LIBRARIES,مكتبات عامة,914,50.55227405,26.13242726
115,ALHIDD RESOURCE KNOWLEDGE CENTER,مركز الحد لمصادر المعرفة,EDUCATIONAL INSTITUTIONS,مؤسسات تعليمية,LIBRARIES,مكتبات عامة,102,50.6571122599999,26.24967475
116,ALSANABIS RESOURCE KNOWLEDGE CENTER,مركز السنابس لمصادر المعرفة,EDUCATIONAL INSTITUTIONS,مؤسسات تعليمية,LIBRARIES,مكتبات عامة,408,50.55043904,26.22631311
117,ARAD RESOURCE KNOWLEDGE CENTER,مركز عراد لمصادر المعرفة,EDUCATIONAL INSTITUTIONS,مؤسسات تعليمية,LIBRARIES,مكتبات عامة,240,50.63243902,26.2572264299999
118,BAHRAIN STUDENT FUNDS FOUNDATION,مؤسسة تمويل الطالب البحريني ,EDUCATIONAL INSTITUTIONS,مؤسسات تعليمية,LIBRARIES,مكتبات عامة,207,50.6076896399999,26.25145742
119,HIDD TOWN PUBLIC LIBRARY,مكتبة الحد العامة,EDUCATIONAL INSTITUTIONS,مؤسسات تعليمية,LIBRARIES,مكتبات عامة,102,50.6562098599999,26.24982043
120,ISA TOWN KNOWLEDGE RESOURCE CENTER,مكتبة مدينة عيسى لمصادر المعرفة,EDUCATIONAL INSTITUTIONS,مؤسسات تعليمية,LIBRARIES,مكتبات عامة,809,50.5476532699999,26.1697721399999
121,LEARNING RESOURCE CENTRE - MINISTRY OF EDUCATION,مركز مصادر التعلم - وزارة التربية والتعليم,EDUCATIONAL INSTITUTIONS,مؤسسات تعليمية,LIBRARIES,مكتبات عامة,308,50.58436976,26.22404968
122,MUHARRAQ TEACHERS LEARNING RESOURCE CENTER,مركز مصادر التعلم للمعلمين بالمحرق,EDUCATIONAL INSTITUTIONS,مؤسسات تعليمية,LIBRARIES,مكتبات عامة,222,50.60886509,26.26092818
123,NBB PUBLIC LIBRARY,مكتبة بنك البحرين الوطنى العامه,EDUCATIONAL INSTITUTIONS,مؤسسات تعليمية,LIBRARIES,مكتبات عامة,225,50.60254926,26.26839366
124,PUBLIC JIDHAFS LIBRARY,مكتبة جدحفص العامة ,EDUCATIONAL INSTITUTIONS,مؤسسات تعليمية,LIBRARIES,مكتبات عامة,431,50.52788369,26.2178399499999
125,PUBLIC MANAMA LIBRARY,مكتبة المنامة العامة ,EDUCATIONAL INSTITUTIONS,مؤسسات تعليمية,LIBRARIES,مكتبات عامة,308,50.58484458,26.22315804
126,RAS RUMMAN PUBLIC LIBRARY,مكتبة رأس رمان العامة,EDUCATIONAL INSTITUTIONS,مؤسسات تعليمية,LIBRARIES,مكتبات عامة,306,50.5872078,26.2354553099999
127,RIFFA PUBLIC LIBRARY,مكتبة الرفاع العامة ,EDUCATIONAL INSTITUTIONS,مؤسسات تعليمية,LIBRARIES,مكتبات عامة,917,50.5659004899999,26.12472916
128,SHAIKH ISA LIBRARY,مكتبة الشيخ عيسى,EDUCATIONAL INSTITUTIONS,مؤسسات تعليمية,LIBRARIES,مكتبات عامة,324,50.5997690499999,26.2194235499999
129,THE BRITISH COUNCIL LIBRARY,مكتبة المركز الثقافي البريطاني,EDUCATIONAL INSTITUTIONS,مؤسسات تعليمية,LIBRARIES,مكتبات عامة,356,50.5608247899999,26.21452431
130,ABC PRE-SCHOOL,حضانة أي بي سي,EDUCATIONAL INSTITUTIONS,مؤسسات تعليمية,NURSERIES,دور الحضانة,711,50.5652442499999,26.20200852
131,AHDHAN NURSERY,حضانة أحضان,EDUCATIONAL INSTITUTIONS,مؤسسات تعليمية,NURSERIES,دور الحضانة,439,50.53362948,26.20801764
132,AL KAWTHAR NURSERY,حضانة الكوثر,EDUCATIONAL INSTITUTIONS,مؤسسات تعليمية,NURSERIES,دور الحضانة,505,50.4903497399999,26.2147557
133,AL YAQEEN NURSERY,حضانة اليقين,EDUCATIONAL INSTITUTIONS,مؤسسات تعليمية,NURSERIES,دور الحضانة,925,50.57218102,26.13089125
134,ALQALAM NURSERY,حضانة القلم,EDUCATIONAL INSTITUTIONS,مؤسسات تعليمية,NURSERIES,دور الحضانة,1027,50.48156705,26.1074431099999
135,BRIGHT BEGINNINGS DAY CARE & CHILD DEVELOPMENT CENTER,البدايات المشرقة حضانة ومركز لتنمية الطفل,EDUCATIONAL INSTITUTIONS,مؤسسات تعليمية,NURSERIES,دور الحضانة,327,50.5859935,26.2138474399999
136,DAR AJYAL NURSERY,حضانة دار الأجيال,EDUCATIONAL INSTITUTIONS,مؤسسات تعليمية,NURSERIES,دور الحضانة,208,50.6169938399999,26.25392592
137,DISNEY NURSERY,حضانة ديزني,EDUCATIONAL INSTITUTIONS,مؤسسات تعليمية,NURSERIES,دور الحضانة,517,50.49350839,26.1972011
138,EVOLUTION CHILDCARE DAY NURSERY & PRESCHOOL,حضانة تطوير رعاية الأطفال,EDUCATIONAL INSTITUTIONS,مؤسسات تعليمية,NURSERIES,دور الحضانة,334,50.58361739,26.2118448899999
139,FUTURE BRANCHES NURSERY,حضانة غصون المستقبل,EDUCATIONAL INSTITUTIONS,مؤسسات تعليمية,NURSERIES,دور الحضانة,450,50.5137438699999,26.22138164
140,HAPPY MAMA NURSERY,حضانة الأم السعيدة,EDUCATIONAL INSTITUTIONS,مؤسسات تعليمية,NURSERIES,دور الحضانة,111,50.6512644399999,26.2299235099999
141,K.G. KIDS,أطفال كي جي,EDUCATIONAL INSTITUTIONS,مؤسسات تعليمية,NURSERIES,دور الحضانة,926,50.52128133,26.13960541
142,KIDS ACADEMY,حضانة أكاديمية الأطفال,EDUCATIONAL INSTITUTIONS,مؤسسات تعليمية,NURSERIES,دور الحضانة,517,50.4863921899999,26.20460696
143,KIDS ISLAND NURSERY,حضانة كدز آيلاند,EDUCATIONAL INSTITUTIONS,مؤسسات تعليمية,NURSERIES,دور الحضانة,609,50.6230175399999,26.16224624
144,KIDS UNIVERSAL NURSERY,حضانة عالم الأطفال,EDUCATIONAL INSTITUTIONS,مؤسسات تعليمية,NURSERIES,دور الحضانة,310,50.57723509,26.21881674
145,KINGDOM OF FLOWERS NURSERY,حضانة مملكة الزهور,EDUCATIONAL INSTITUTIONS,مؤسسات تعليمية,NURSERIES,دور الحضانة,1204,50.4986242299999,26.13574775
146,LIFETIME NURSERY,حضانة لايف تايم,EDUCATIONAL INSTITUTIONS,مؤسسات تعليمية,NURSERIES,دور الحضانة,1204,50.50933956,26.13376083
147,LITTLE LEARNERS NURSERY,حضانة المتعلمين الصغار,EDUCATIONAL INSTITUTIONS,مؤسسات تعليمية,NURSERIES,دور الحضانة,914,50.5506924,26.1328096899999
148,LITTLE PEARLS NURSERY,حضانة ليتل بيرلز,EDUCATIONAL INSTITUTIONS,مؤسسات تعليمية,NURSERIES,دور الحضانة,112,50.6574496699999,26.22976285
149,MADELEINES NURSERY,حضانة مادلين,EDUCATIONAL INSTITUTIONS,مؤسسات تعليمية,NURSERIES,دور الحضانة,332,50.5830515099999,26.2109204799999
150,ABDULRAHMAN JASSIM KANOO SCHOOL,مدرسة عبدالرحمن جاسم كانو,EDUCATIONAL INSTITUTIONS,مؤسسات تعليمية,PRIVATE SCHOOLS,مدارس خاصة,331,50.57317391,26.2061780999999
151,ABDULRAHMAN KANOO INTERNATIONAL SCHOOL,مدرسة عبدالرحمن كانو الدولية,EDUCATIONAL INSTITUTIONS,مؤسسات تعليمية,PRIVATE SCHOOLS,مدارس خاصة,704,50.5381078899999,26.17920612
152,AL AMAL SPECIAL EDUCATION INSTITUTE,معهد الأمل للتعليم الخاص,EDUCATIONAL INSTITUTIONS,مؤسسات تعليمية,PRIVATE SCHOOLS,مدارس خاصة,841,50.5502570399999,26.15833603
153,AL FALAH PRIVATE SCHOOLS - BOYS,مدارس الفلاح للبنين,EDUCATIONAL INSTITUTIONS,مؤسسات تعليمية,PRIVATE SCHOOLS,مدارس خاصة,919,50.56534356,26.1307591799999
154,AL FALAH PRIVATE SCHOOLS - GIRLS,مدرسة الفلاح الخاصة للبنات,EDUCATIONAL INSTITUTIONS,مؤسسات تعليمية,PRIVATE SCHOOLS,مدارس خاصة,207,50.60738045,26.25198345
155,AL FALAH PRIVATE SCHOOLS - GIRLS,مدرسة الفلاح الخاصة للبنات,EDUCATIONAL INSTITUTIONS,مؤسسات تعليمية,PRIVATE SCHOOLS,مدارس خاصة,732,50.52914088,26.15361525
156,AL FALAH PRIVATE SCHOOLS (GIRLS),مدارس الفلاح للبنات,EDUCATIONAL INSTITUTIONS,مؤسسات تعليمية,PRIVATE SCHOOLS,مدارس خاصة,919,50.56500445,26.13061846
157,AL HEKMA INTERNATIONAL MODEL SCHOOL,مدرسة الحكمة الدولية النموذجية,EDUCATIONAL INSTITUTIONS,مؤسسات تعليمية,PRIVATE SCHOOLS,مدارس خاصة,743,50.57569697,26.15088463
158,AL IMAN BOYS SCHOOL ,مدرسة الإيمان للبنين,EDUCATIONAL INSTITUTIONS,مؤسسات تعليمية,PRIVATE SCHOOLS,مدارس خاصة,841,50.55155061,26.1595774799999
159,AL IMAN GIRLS SCHOOL,مدرسة الإيمان للبنات,EDUCATIONAL INSTITUTIONS,مؤسسات تعليمية,PRIVATE SCHOOLS,مدارس خاصة,841,50.55172262,26.1603999899999
160,AL MAJD PRIVATE SCHOOL,مدرسة المجد الخاصة,EDUCATIONAL INSTITUTIONS,مؤسسات تعليمية,PRIVATE SCHOOLS,مدارس خاصة,358,50.55838596,26.21145436
161,AL MAJD PRIVATE SCHOOL,مدرسة المجد الخاصة,EDUCATIONAL INSTITUTIONS,مؤسسات تعليمية,PRIVATE SCHOOLS,مدارس خاصة,363,50.5567378699999,26.21185981
162,AL MANAR PRIVATE SCHOOLS,مدرسة المنار الخاصة,EDUCATIONAL INSTITUTIONS,مؤسسات تعليمية,PRIVATE SCHOOLS,مدارس خاصة,708,50.52407876,26.18268144
163,AL NOOR INTERNATIONAL SCHOOL,مدرسة النور العالمية,EDUCATIONAL INSTITUTIONS,مؤسسات تعليمية,PRIVATE SCHOOLS,مدارس خاصة,611,50.6026500999999,26.1671701699999
164,AL NOOR NATIONAL SCHOOL,مدرسة النور الوطنية,EDUCATIONAL INSTITUTIONS,مؤسسات تعليمية,PRIVATE SCHOOLS,مدارس خاصة,211,50.6104077,26.2505461
165,AL RAWABI SCHOOL,مدرسة الروابي,EDUCATIONAL INSTITUTIONS,مؤسسات تعليمية,PRIVATE SCHOOLS,مدارس خاصة,435,50.5281268999999,26.21226313
166,AL SALAM SCHOOL,مدرسة السلام,EDUCATIONAL INSTITUTIONS,مؤسسات تعليمية,PRIVATE SCHOOLS,مدارس خاصة,543,50.4585279,26.20590985
167,AL SHAIKHA HESSA GIRLS SCHOOL,مدرسة الشيخة حصة للبنات,EDUCATIONAL INSTITUTIONS,مؤسسات تعليمية,PRIVATE SCHOOLS,مدارس خاصة,942,50.5454974499999,26.09998346
168,ALFALAH SCHOOL,مدارس الفلاح,EDUCATIONAL INSTITUTIONS,مؤسسات تعليمية,PRIVATE SCHOOLS,مدارس خاصة,207,50.6072877699999,26.2522206099999
169,ALIA SCHOOL,مدرسة عالية,EDUCATIONAL INSTITUTIONS,مؤسسات تعليمية,PRIVATE SCHOOLS,مدارس خاصة,611,50.60440406,26.1643481599999
170,ALMAHD DAY BOARDING SCHOOL,مدرسة المهد,EDUCATIONAL INSTITUTIONS,مؤسسات تعليمية,PRIVATE SCHOOLS,مدارس خاصة,941,50.5688041299999,26.1525001999999
171,ALMAHD DAY BOARDING SCHOOLS,مدرسة المهد,EDUCATIONAL INSTITUTIONS,مؤسسات تعليمية,PRIVATE SCHOOLS,مدارس خاصة,233,50.63134652,26.28134726
172,ALMAHD SCHOOL,مدرسة المهد,EDUCATIONAL INSTITUTIONS,مؤسسات تعليمية,PRIVATE SCHOOLS,مدارس خاصة,517,50.48727515,26.20005507
173,ALNASEEM INTERNTIONAL SCHOOL,مدرسة النسيم الدولية,EDUCATIONAL INSTITUTIONS,مؤسسات تعليمية,PRIVATE SCHOOLS,مدارس خاصة,922,50.54182988,26.1524944099999
174,ALRAJA SCHOOL,مدرسة الرجاء,EDUCATIONAL INSTITUTIONS,مؤسسات تعليمية,PRIVATE SCHOOLS,مدارس خاصة,306,50.58479726,26.2316657699999
175,AMA INTERNATIONAL SCHOOL,مدرسة اي ام اي الدولية,EDUCATIONAL INSTITUTIONS,مؤسسات تعليمية,PRIVATE SCHOOLS,مدارس خاصة,704,50.53943419,26.17632267
176,ARABIAN GULF PEARL SCHOOL,مدرسة لؤلؤة الخليج العربي,EDUCATIONAL INSTITUTIONS,مؤسسات تعليمية,PRIVATE SCHOOLS,مدارس خاصة,363,50.5534163199999,26.2050289399999
177,ARSENAL SOCCER SCHOOLS,مدارس ارسنال لكرة القدم,EDUCATIONAL INSTITUTIONS,مؤسسات تعليمية,PRIVATE SCHOOLS,مدارس خاصة,527,50.48531108,26.17608596
178,ASIAN SCHOOL,المدرسة الاسيوية,EDUCATIONAL INSTITUTIONS,مؤسسات تعليمية,PRIVATE SCHOOLS,مدارس خاصة,335,50.5956207699999,26.19958035
179,BAHRAIN BAYAN MODEL SCHOOL,مدرسة بيان البحرين النموذجية,EDUCATIONAL INSTITUTIONS,مؤسسات تعليمية,PRIVATE SCHOOLS,مدارس خاصة,841,50.54964643,26.16063484
180,BAHRAIN INDIAN SCHOOL,المدرسة الهندية البحرينية,EDUCATIONAL INSTITUTIONS,مؤسسات تعليمية,PRIVATE SCHOOLS,مدارس خاصة,473,50.4990660799999,26.2182500199999
181,BAHRAIN SCHOOL,مدرسة البحرين,EDUCATIONAL INSTITUTIONS,مؤسسات تعليمية,PRIVATE SCHOOLS,مدارس خاصة,342,50.60479214,26.2084168899999
182,BANGLADESH SCHOOL,المدرسة البنغلاديشية,EDUCATIONAL INSTITUTIONS,مؤسسات تعليمية,PRIVATE SCHOOLS,مدارس خاصة,356,50.56290517,26.21621907
183,BAWABAT AL MAAʻALI PRIVATE SCHOOL,مدرسة بوابة المعالي الخاصة,EDUCATIONAL INSTITUTIONS,مؤسسات تعليمية,PRIVATE SCHOOLS,مدارس خاصة,730,50.52635944,26.16265161
184,BRITISH SCHOOL,المدرسة البريطانية,EDUCATIONAL INSTITUTIONS,مؤسسات تعليمية,PRIVATE SCHOOLS,مدارس خاصة,1014,50.4721356599999,26.16121863
185,BRITISH SCHOOL OF BAHRAIN,مدرسة البحرين البريطانية ,EDUCATIONAL INSTITUTIONS,مؤسسات تعليمية,PRIVATE SCHOOLS,مدارس خاصة,338,50.5916377599999,26.21330009
186,CITY INTERNATIONAL SCHOOL,مدرسة المدينة العالمية,EDUCATIONAL INSTITUTIONS,مؤسسات تعليمية,PRIVATE SCHOOLS,مدارس خاصة,109,50.64993656,26.24590012
187,CREATIVITY PRIVATE SCHOOL,مدرسة الابداع الخاصة,EDUCATIONAL INSTITUTIONS,مؤسسات تعليمية,PRIVATE SCHOOLS,مدارس خاصة,309,50.5828315799999,26.21995544
188,CREATIVITY PRIVATE SCHOOL,مدرسة الإبداع الخاصة,EDUCATIONAL INSTITUTIONS,مؤسسات تعليمية,PRIVATE SCHOOLS,مدارس خاصة,571,50.47306702,26.18392399
189,DELMON SCHOOL,مدرسة دلمون,EDUCATIONAL INSTITUTIONS,مؤسسات تعليمية,PRIVATE SCHOOLS,مدارس خاصة,327,50.5876871999999,26.21670773
190,EASTERN SCHOOL,المدرسة الشرقية,EDUCATIONAL INSTITUTIONS,مؤسسات تعليمية,PRIVATE SCHOOLS,مدارس خاصة,336,50.59130496,26.2112021
191,EBENEZER PRIVATE SCHOOL,مدرسة إبنيزر الخاصة,EDUCATIONAL INSTITUTIONS,مؤسسات تعليمية,PRIVATE SCHOOLS,مدارس خاصة,506,50.4893711699999,26.2272755599999
192,FRENCH SCHOOL,المدرسة الفرنسية,EDUCATIONAL INSTITUTIONS,مؤسسات تعليمية,PRIVATE SCHOOLS,مدارس خاصة,225,50.6029175999999,26.26731755
193,HAWAR INTERNATIONAL SCHOOL,مدرسة حوار الدولية,EDUCATIONAL INSTITUTIONS,مؤسسات تعليمية,PRIVATE SCHOOLS,مدارس خاصة,910,50.55366355,26.1176024799999
194,IBN ALHAYTHAM ISLAMIC SCHOOL,مدرسة إبن الهيثم الأسلامية,EDUCATIONAL INSTITUTIONS,مؤسسات تعليمية,PRIVATE SCHOOLS,مدارس خاصة,306,50.58316406,26.23195247
195,IBN ALHAYTHAM ISLAMIC SCHOOL,مدرسة إبن الهيثم الأسلامية,EDUCATIONAL INSTITUTIONS,مؤسسات تعليمية,PRIVATE SCHOOLS,مدارس خاصة,450,50.52049057,26.2249144399999
196,IBN KHULDOON NATIONAL SCHOOL,مدرسة إبن خلدون الوطنية,EDUCATIONAL INSTITUTIONS,مؤسسات تعليمية,PRIVATE SCHOOLS,مدارس خاصة,841,50.55044102,26.15782518
197,INDIAN SCHOOL,المدرسة الهندية,EDUCATIONAL INSTITUTIONS,مؤسسات تعليمية,PRIVATE SCHOOLS,مدارس خاصة,841,50.54135454,26.15788904
198,INDIAN SCHOOL,المدرسة الهندية,EDUCATIONAL INSTITUTIONS,مؤسسات تعليمية,PRIVATE SCHOOLS,مدارس خاصة,910,50.5514178999999,26.1166398899999
199,JAPANESE SCHOOL,المدرسة اليابانية,EDUCATIONAL INSTITUTIONS,مؤسسات تعليمية,PRIVATE SCHOOLS,مدارس خاصة,533,50.48011822,26.19637875
200,MIDDLE EAST SCHOOLS,مدرسة الشرق الاوسط,EDUCATIONAL INSTITUTIONS,مؤسسات تعليمية,PRIVATE SCHOOLS,مدارس خاصة,356,50.5625470399999,26.21523664
201,MISSION SCHOOL,مدرسة البعثة,EDUCATIONAL INSTITUTIONS,مؤسسات تعليمية,PRIVATE SCHOOLS,مدارس خاصة,307,50.58279211,26.23140189
202,MODERN EDUCATION SCHOOL,مدرسة التعليم العصري,EDUCATIONAL INSTITUTIONS,مؤسسات تعليمية,PRIVATE SCHOOLS,مدارس خاصة,547,50.46142213,26.19866988
203,MODERN KNOWLEDGE SCHOOLS,مدرسة المعارف الحديثة,EDUCATIONAL INSTITUTIONS,مؤسسات تعليمية,PRIVATE SCHOOLS,مدارس خاصة,342,50.60085179,26.2058638399999
204,NADEEN SCHOOL,مدرسة نادين,EDUCATIONAL INSTITUTIONS,مؤسسات تعليمية,PRIVATE SCHOOLS,مدارس خاصة,337,50.59130624,26.2047499399999
205,NEW GENERATION INTERNATIONAL SCHOOL,مدرسة نيو جينيريشن انترناشيونال,EDUCATIONAL INSTITUTIONS,مؤسسات تعليمية,PRIVATE SCHOOLS,مدارس خاصة,341,50.60397341,26.20969487
206,NEW MILLENNIUM SCHOOL,مدرسة الألفية الجديدة,EDUCATIONAL INSTITUTIONS,مؤسسات تعليمية,PRIVATE SCHOOLS,مدارس خاصة,331,50.57462771,26.2073072399999
207,NEW MILLENNIUM SCHOOL,مدرسة الألفية الجديدة,EDUCATIONAL INSTITUTIONS,مؤسسات تعليمية,PRIVATE SCHOOLS,مدارس خاصة,502,50.5034754799999,26.22181041
208,NEW MILLENNIUM SCHOOL - DPS,مدرسة الألفية الجديدة,EDUCATIONAL INSTITUTIONS,مؤسسات تعليمية,PRIVATE SCHOOLS,مدارس خاصة,330,50.57220625,26.21120608
209,NEW VISION SCHOOL,مدرسة الرؤية الحديثة,EDUCATIONAL INSTITUTIONS,مؤسسات تعليمية,PRIVATE SCHOOLS,مدارس خاصة,505,50.48771544,26.21626144
210,PAKISTAN SCHOOL,المدرسة الباكستانية,EDUCATIONAL INSTITUTIONS,مؤسسات تعليمية,PRIVATE SCHOOLS,مدارس خاصة,841,50.5442853699999,26.15832878
211,PAKISTAN URDU SCHOOL,المدرسة الباكستانية الاردية,EDUCATIONAL INSTITUTIONS,مؤسسات تعليمية,PRIVATE SCHOOLS,مدارس خاصة,841,50.5491250899999,26.15911461
212,PALMS PRIMARY SCHOOL,مدرسة النخيل الابتدائية,EDUCATIONAL INSTITUTIONS,مؤسسات تعليمية,PRIVATE SCHOOLS,مدارس خاصة,926,50.52648328,26.1379093
213,PHILIPPINE SCHOOL,المدرسة الفلبينية,EDUCATIONAL INSTITUTIONS,مؤسسات تعليمية,PRIVATE SCHOOLS,مدارس خاصة,732,50.52683726,26.15532568
214,QUALITY EDUCATION SCHOOL,مدرسة كواليتي ايديوكيشن,EDUCATIONAL INSTITUTIONS,مؤسسات تعليمية,PRIVATE SCHOOLS,مدارس خاصة,356,50.5631828799999,26.21658666
215,QUALITY EDUCATION SCHOOL,مدرسة جودة التعليم,EDUCATIONAL INSTITUTIONS,مؤسسات تعليمية,PRIVATE SCHOOLS,مدارس خاصة,505,50.48829622,26.2144308899999
216,RIFFA VIEWS INTERNATIONAL SCHOOL,مدرسة الرفاع فيوز الدولية,EDUCATIONAL INSTITUTIONS,مؤسسات تعليمية,PRIVATE SCHOOLS,مدارس خاصة,943,50.5620906799999,26.10153138
217,SACRED HEART SCHOOL,مدرسة القلب المقدس ,EDUCATIONAL INSTITUTIONS,مؤسسات تعليمية,PRIVATE SCHOOLS,مدارس خاصة,307,50.58247784,26.23043311
218,SACRED HEART SCHOOL,مدرسة القلب المقدس,EDUCATIONAL INSTITUTIONS,مؤسسات تعليمية,PRIVATE SCHOOLS,مدارس خاصة,841,50.5391180399999,26.1577231099999
219,ST. CHRISTOPHER'S SCHOOL,مدرسة سانت كريستوفر,EDUCATIONAL INSTITUTIONS,مؤسسات تعليمية,PRIVATE SCHOOLS,مدارس خاصة,513,50.50004887,26.20419862
220,ST. CHRISTOPHER'S SCHOOL,مدرسة سانت كريستوفر,EDUCATIONAL INSTITUTIONS,مؤسسات تعليمية,PRIVATE SCHOOLS,مدارس خاصة,841,50.54269656,26.1578576699999
221,TALENTS INTERNATIONAL & THE INFANT SCHOOL,مدرسة الاطفال والمواهب الدولية,EDUCATIONAL INSTITUTIONS,مؤسسات تعليمية,PRIVATE SCHOOLS,مدارس خاصة,356,50.56026585,26.21556765
222,TALENTS INTERNATIONAL & THE INFANT SCHOOL,مدرسة الاطفال والمواهب الدولية,EDUCATIONAL INSTITUTIONS,مؤسسات تعليمية,PRIVATE SCHOOLS,مدارس خاصة,925,50.5677861799999,26.1298894799999
223,TAYLOS PRIVATE SCHOOL,مدرسة تايلوس الخاصة,EDUCATIONAL INSTITUTIONS,مؤسسات تعليمية,PRIVATE SCHOOLS,مدارس خاصة,226,50.6093544599999,26.27566839
224,THE INFANT SCHOOL,مدرسة الاطفال,EDUCATIONAL INSTITUTIONS,مؤسسات تعليمية,PRIVATE SCHOOLS,مدارس خاصة,356,50.56209494,26.2169518199999
225,THE INTERNATIONAL SCHOOL OF CHOUEIFAT,مدرسة الشويفات الدولية,EDUCATIONAL INSTITUTIONS,مؤسسات تعليمية,PRIVATE SCHOOLS,مدارس خاصة,257,50.6657294899999,26.27717136
226,THE NEW HORIZON SCHOOL,مدرسة الاّفاق الحديثة,EDUCATIONAL INSTITUTIONS,مؤسسات تعليمية,PRIVATE SCHOOLS,مدارس خاصة,328,50.5786057099999,26.2176312299999
227,THE NEW HORIZON SCHOOL,مدرسة الآفاق الحديثة,EDUCATIONAL INSTITUTIONS,مؤسسات تعليمية,PRIVATE SCHOOLS,مدارس خاصة,328,50.57894633,26.2170119399999
228,THE NEW INDIAN SCHOOL,المدرسة الهندية الجديدة,EDUCATIONAL INSTITUTIONS,مؤسسات تعليمية,PRIVATE SCHOOLS,مدارس خاصة,941,50.5670211699999,26.15474884
229,AʻALI INTERMEDIATE BOYS SCHOOL,مدرسة عالي الاعدادية للبنين,EDUCATIONAL INSTITUTIONS,مؤسسات تعليمية,PUBLIC SCHOOLS - BOYS,مدارس عامة - أولاد,734,50.52181883,26.1549224299999
230,AʻALI PRIMARY BOYS SCHOOL,مدرسة عالي الابتدائية للبنين,EDUCATIONAL INSTITUTIONS,مؤسسات تعليمية,PUBLIC SCHOOLS - BOYS,مدارس عامة - أولاد,732,50.5323721,26.15055676
231,ABDULRAHMAN AL NASSER PRIMARY & INTERMEDIATE BOYS SCHOOL,مدرسة عبدالرحمن الناصر الابتدائية الاعدادية للبنين,EDUCATIONAL INSTITUTIONS,مؤسسات تعليمية,PUBLIC SCHOOLS - BOYS,مدارس عامة - أولاد,210,50.6170687999999,26.2491381699999
232,ABDULRAHMAN ALDAKHIL INTERMEDIATE BOYS SCHOOL,مدرسة عبدالرحمن الداخل الاعدادية للبنين,EDUCATIONAL INSTITUTIONS,مؤسسات تعليمية,PUBLIC SCHOOLS - BOYS,مدارس عامة - أولاد,321,50.59345795,26.22751937
233,ABU AL AALA AL MAARI PRIMARY BOYS SCHOOL,مدرسة أبو العلاء المعري الابتدائية للبنين,EDUCATIONAL INSTITUTIONS,مؤسسات تعليمية,PUBLIC SCHOOLS - BOYS,مدارس عامة - أولاد,210,50.61845069,26.2543758899999
234,ABU AUBAYDAH AL JARRAH PRIMARY BOYS SCHOOL,مدرسة أبو عبيدة بن الجراح الابتدائية للبنين,EDUCATIONAL INSTITUTIONS,مؤسسات تعليمية,PUBLIC SCHOOLS - BOYS,مدارس عامة - أولاد,213,50.6142023199999,26.25102864
235,ABU BAKER AL SIDDIQ PRIMARY BOYS SCHOOL,مدرسة أبو بكر الصديق الابتدائية للبنين,EDUCATIONAL INSTITUTIONS,مؤسسات تعليمية,PUBLIC SCHOOLS - BOYS,مدارس عامة - أولاد,301,50.57852037,26.2259342599999
236,ABU FERAS ALHAMADANY PRIMARY BOYS SCHOOL,مدرسة أبو فراس الحمداني الابتدائية للبنين,EDUCATIONAL INSTITUTIONS,مؤسسات تعليمية,PUBLIC SCHOOLS - BOYS,مدارس عامة - أولاد,208,50.61558379,26.2522910799999
237,ABU SAIBEA PRIMARY BOYS SCHOOL,مدرسة أبو صيبع الابتدائية للبنين,EDUCATIONAL INSTITUTIONS,مؤسسات تعليمية,PUBLIC SCHOOLS - BOYS,مدارس عامة - أولاد,473,50.50312144,26.2167315099999
238,AHMED AL FATEH PRIMARY & INTERMEDIATE BOYS SCHOOL,مدرسة أحمد الفاتح الابتدائية الاعدادية للبنين,EDUCATIONAL INSTITUTIONS,مؤسسات تعليمية,PUBLIC SCHOOLS - BOYS,مدارس عامة - أولاد,907,50.5752443599999,26.1196046899999
239,AHMED AL OMRAN SECONDARY BOYS SCHOOL,مدرسة أحمد العمران الثانوية للبنين,EDUCATIONAL INSTITUTIONS,مؤسسات تعليمية,PUBLIC SCHOOLS - BOYS,مدارس عامة - أولاد,318,50.5907709199999,26.23344664
240,AL ALAA AL HADHRAMI PRIMARY BOYS SCHOOL,مدرسة العلاء الحضرمي الابتدائية للبنين,EDUCATIONAL INSTITUTIONS,مؤسسات تعليمية,PUBLIC SCHOOLS - BOYS,مدارس عامة - أولاد,328,50.57564472,26.2153987
241,AL BUDAIYA PRIMARY BOYS SCHOOL,مدرسة البديع الابتدائية للبنين,EDUCATIONAL INSTITUTIONS,مؤسسات تعليمية,PUBLIC SCHOOLS - BOYS,مدارس عامة - أولاد,541,50.45747713,26.2130107499999
242,AL BUSAITEEN PRIMARY BOYS SCHOOL,مدرسة البسيتين الابتدائية للبنين,EDUCATIONAL INSTITUTIONS,مؤسسات تعليمية,PUBLIC SCHOOLS - BOYS,مدارس عامة - أولاد,221,50.60598727,26.2617498199999
243,AL DAIR PRIMARY BOYS SCHOOL,مدرسة الدير الابتدائية للبنين,EDUCATIONAL INSTITUTIONS,مؤسسات تعليمية,PUBLIC SCHOOLS - BOYS,مدارس عامة - أولاد,233,50.6273652599999,26.2817170199999
244,AL DHIYAA PRIMARY BOYS SCHOOL,مدرسة الضياء الابتدائية للبنين,EDUCATIONAL INSTITUTIONS,مؤسسات تعليمية,PUBLIC SCHOOLS - BOYS,مدارس عامة - أولاد,734,50.52205286,26.15430623
245,AL DIRAZ INTERMEDIATE BOYS SCHOOL,مدرسة الدراز الاعدادية للبنين,EDUCATIONAL INSTITUTIONS,مؤسسات تعليمية,PUBLIC SCHOOLS - BOYS,مدارس عامة - أولاد,542,50.46840628,26.22319904
246,AL EMAM ALGHAZALI INTERMEDIATE BOYS SCHOOL,مدرسة الإمام الغزالي الاعدادية للبنين,EDUCATIONAL INSTITUTIONS,مؤسسات تعليمية,PUBLIC SCHOOLS - BOYS,مدارس عامة - أولاد,1218,50.5083103999999,26.10547321
247,AL EMAM ALI PRIMARY & INTERMEDIATE BOYS SCHOOL,مدرسة الإمام علي الابتدائية الاعدادية للبنين,EDUCATIONAL INSTITUTIONS,مؤسسات تعليمية,PUBLIC SCHOOLS - BOYS,مدارس عامة - أولاد,634,50.61320674,26.13259811
248,AL EMAM ALTABARI PRIMARY BOYS SCHOOL,مدرسة الإمام الطبري الابتدائية للبنين,EDUCATIONAL INSTITUTIONS,مؤسسات تعليمية,PUBLIC SCHOOLS - BOYS,مدارس عامة - أولاد,813,50.5600866999999,26.1646598399999
249,AL EMAM MALEK BIN ANAS PRIMARY BOYS SCHOOL,مدرسة الإمام مالك بن أنس الابتدائية للبنين,EDUCATIONAL INSTITUTIONS,مؤسسات تعليمية,PUBLIC SCHOOLS - BOYS,مدارس عامة - أولاد,933,50.5650445899999,26.14157395
250,AL FARABI INTERMEDIATE BOYS SCHOOL,مدرسة الفارابي الاعدادية للبنين,EDUCATIONAL INSTITUTIONS,مؤسسات تعليمية,PUBLIC SCHOOLS - BOYS,مدارس عامة - أولاد,1214,50.5116307099999,26.0706782399999
251,AL HIDAYAH AL KHALIFA SECONDARY BOYS SCHOOL,مدرسة الهداية الخليفية الثانوية للبنين,EDUCATIONAL INSTITUTIONS,مؤسسات تعليمية,PUBLIC SCHOOLS - BOYS,مدارس عامة - أولاد,222,50.60965816,26.2622016
252,AL JASRAH PRIMARY BOYS SCHOOL,مدرسة الجسرة الابتدائية للبنين,EDUCATIONAL INSTITUTIONS,مؤسسات تعليمية,PUBLIC SCHOOLS - BOYS,مدارس عامة - أولاد,1004,50.4546420499999,26.16185097
253,AL JAZEERA PRIMARY BOYS SCHOOL,مدرسة الجزيرة الابتدائية للبنين,EDUCATIONAL INSTITUTIONS,مؤسسات تعليمية,PUBLIC SCHOOLS - BOYS,مدارس عامة - أولاد,382,50.58280336,26.1848830399999
254,AL KHALIL BIN AHMED INTERMEDIATE BOYS SCHOOL,مدرسة الخليل بن احمد الاعدادية للبنين,EDUCATIONAL INSTITUTIONS,مؤسسات تعليمية,PUBLIC SCHOOLS - BOYS,مدارس عامة - أولاد,1026,50.4819477599999,26.1170231999999
255,AL KHAMIS PRIMARY BOYS SCHOOL,مدرسة الخميس الابتدائية للبنين,EDUCATIONAL INSTITUTIONS,مؤسسات تعليمية,PUBLIC SCHOOLS - BOYS,مدارس عامة - أولاد,365,50.54938484,26.20665601
256,AL KHAWAREZMY PRIMARY BOYS SCHOOL,مدرسة الخوارزمي الابتدائية للبنين,EDUCATIONAL INSTITUTIONS,مؤسسات تعليمية,PUBLIC SCHOOLS - BOYS,مدارس عامة - أولاد,244,50.64349541,26.25357513
257,AL MAMOON PRIMARY BOYS SCHOOL,مدرسة المأمون الابتدائية للبنين,EDUCATIONAL INSTITUTIONS,مؤسسات تعليمية,PUBLIC SCHOOLS - BOYS,مدارس عامة - أولاد,307,50.58659156,26.22929291
258,AL MUHARRAQ SECONDARY BOYS SCHOOL,مدرسة المحرق الثانوية للبنين,EDUCATIONAL INSTITUTIONS,مؤسسات تعليمية,PUBLIC SCHOOLS - BOYS,مدارس عامة - أولاد,204,50.61979267,26.2583441899999
259,AL MUNTHER BIN SAWI ALTEMEEMY PRIMARY BOYS SCHOOL,مدرسة المنذر بن ساوي التميمي الابتدائية للبنين,EDUCATIONAL INSTITUTIONS,مؤسسات تعليمية,PUBLIC SCHOOLS - BOYS,مدارس عامة - أولاد,624,50.60751657,26.13786405
260,AL RAWDAH PRIMARY BOYS SCHOOL,مدرسة الروضة الابتدائية للبنين,EDUCATIONAL INSTITUTIONS,مؤسسات تعليمية,PUBLIC SCHOOLS - BOYS,مدارس عامة - أولاد,1208,50.5089696399999,26.11376241
261,AL RAZI PRIMARY BOYS SCHOOL,مدرسة الرازي الابتدائية للبنين,EDUCATIONAL INSTITUTIONS,مؤسسات تعليمية,PUBLIC SCHOOLS - BOYS,مدارس عامة - أولاد,414,50.5356374599999,26.22578942
262,AL SEHLA PRIMARY & INTERMEDIATE BOYS SCHOOL,مدرسة السهلة الابتدائية الاعدادية للبنين,EDUCATIONAL INSTITUTIONS,مؤسسات تعليمية,PUBLIC SCHOOLS - BOYS,مدارس عامة - أولاد,439,50.5283943,26.2035182999999
263,AL WADI PRIMARY BOYS SCHOOL,مدرسة الوادي الابتدائية للبنين,EDUCATIONAL INSTITUTIONS,مؤسسات تعليمية,PUBLIC SCHOOLS - BOYS,مدارس عامة - أولاد,1211,50.50644599,26.08797527
264,AL WEHDA SECONDARY BOYS SCHOOL,مدرسة الوحدة الثانوية للبنين,EDUCATIONAL INSTITUTIONS,مؤسسات تعليمية,PUBLIC SCHOOLS - BOYS,مدارس عامة - أولاد,925,50.5740613999999,26.12689975
265,AL YARMOUK PRIMARY BOYS SCHOOL,مدرسة اليرموك الابتدائية للبنين,EDUCATIONAL INSTITUTIONS,مؤسسات تعليمية,PUBLIC SCHOOLS - BOYS,مدارس عامة - أولاد,607,50.6220409,26.1557600699999
266,AL ZALLAQ PRIMARY & INTERMEDIATE BOYS SCHOOL,مدرسة الزلاق الابتدائية الاعدادية للبنين,EDUCATIONAL INSTITUTIONS,مؤسسات تعليمية,PUBLIC SCHOOLS - BOYS,مدارس عامة - أولاد,1056,50.49043806,26.0498935799999
267,ALJABERIYA SECONDARY TECHNICAL BOYS SCHOOL,مدرسة الجابرية الصناعية الثانوية للبنين,EDUCATIONAL INSTITUTIONS,مؤسسات تعليمية,PUBLIC SCHOOLS - BOYS,مدارس عامة - أولاد,331,50.5738202599999,26.2077243499999
268,ALMUTANABI PRIMARY BOYS SCHOOL,مدرسة المتنبي الابتدائية للبينن,EDUCATIONAL INSTITUTIONS,مؤسسات تعليمية,PUBLIC SCHOOLS - BOYS,مدارس عامة - أولاد,308,50.58412837,26.2246382999999
269,ALRASHEED PRIMARY BOYS SCHOOL,مدرسة الرشيد الابتدائية للبنين,EDUCATIONAL INSTITUTIONS,مؤسسات تعليمية,PUBLIC SCHOOLS - BOYS,مدارس عامة - أولاد,305,50.5812059699999,26.23379183
270,ALSALMANIYA INTERMEDIATE BOYS SCHOOL,مدرسة السلمانية الاعدادية للبنين,EDUCATIONAL INSTITUTIONS,مؤسسات تعليمية,PUBLIC SCHOOLS - BOYS,مدارس عامة - أولاد,311,50.57133202,26.22172733
271,ALSANABIS PRIMARY BOYS SCHOOL,مدرسة السنابس الابتدائية للبنين,EDUCATIONAL INSTITUTIONS,مؤسسات تعليمية,PUBLIC SCHOOLS - BOYS,مدارس عامة - أولاد,408,50.54445072,26.2248692699999
272,ALTAAWON SECONDARY BOYS SCHOOL,مدرسة التعاون الثانوية للبنين,EDUCATIONAL INSTITUTIONS,مؤسسات تعليمية,PUBLIC SCHOOLS - BOYS,مدارس عامة - أولاد,745,50.58541506,26.1463894
273,AMMAR BEN YASER PRIMARY BOYS SCHOOL,مدرسة عمار بن ياسر الابتدائية للبنين,EDUCATIONAL INSTITUTIONS,مؤسسات تعليمية,PUBLIC SCHOOLS - BOYS,مدارس عامة - أولاد,815,50.56934871,26.15982288
274,AQBAH BIN NAFEA PRIMARY BOYS SCHOOL,مدرسة عقبة بن نافع الابتدائية للبنين,EDUCATIONAL INSTITUTIONS,مؤسسات تعليمية,PUBLIC SCHOOLS - BOYS,مدارس عامة - أولاد,913,50.56022661,26.13433728
275,ARAD PRIMARY & INTERMEDIATE BOYS SCHOOL,مدرسة عراد الابتدائية الاعدادية للبنين,EDUCATIONAL INSTITUTIONS,مؤسسات تعليمية,PUBLIC SCHOOLS - BOYS,مدارس عامة - أولاد,245,50.63734962,26.2486028
276,ARAD PRIMARY BOYS SCHOOL,مدرسة عراد الابتدائية للبنين,EDUCATIONAL INSTITUTIONS,مؤسسات تعليمية,PUBLIC SCHOOLS - BOYS,مدارس عامة - أولاد,245,50.6322384899999,26.24664027
277,ASKAR PRIMARY & INTERMEDIATE BOYS SCHOOL,مدرسة عسكر الابتدائية الاعدادية للبنين,EDUCATIONAL INSTITUTIONS,مؤسسات تعليمية,PUBLIC SCHOOLS - BOYS,مدارس عامة - أولاد,950,50.61694577,26.0596595899999
278,AWAL INTERMEDIATE BOYS SCHOOL,مدرسة أوال الاعدادية للبنين,EDUCATIONAL INSTITUTIONS,مؤسسات تعليمية,PUBLIC SCHOOLS - BOYS,مدارس عامة - أولاد,607,50.6200285899999,26.1556547399999
279,BADER AL KUBRA PRIMARY BOYS SCHOOL,مدرسة بدر الكبرى الابتدائية للبنين,EDUCATIONAL INSTITUTIONS,مؤسسات تعليمية,PUBLIC SCHOOLS - BOYS,مدارس عامة - أولاد,814,50.5609339999999,26.16796312
280,BAHRAIN PROFESSIONAL SECONDARY BOYS SCHOOL,مدرسة البحرين المهنية الثانوية للبنين,EDUCATIONAL INSTITUTIONS,مؤسسات تعليمية,PUBLIC SCHOOLS - BOYS,مدارس عامة - أولاد,841,50.54758901,26.1587352499999
281,BAR BAR PRIMARY BOYS SCHOOL,مدرسة باربار الابتدائية للبنين,EDUCATIONAL INSTITUTIONS,مؤسسات تعليمية,PUBLIC SCHOOLS - BOYS,مدارس عامة - أولاد,524,50.47798306,26.22940199
282,BILAD ALQADIM INTERMEDIATE BOYS SCHOOL,مدرسة بلاد القديم الاعدادية للبينن,EDUCATIONAL INSTITUTIONS,مؤسسات تعليمية,PUBLIC SCHOOLS - BOYS,مدارس عامة - أولاد,362,50.55823534,26.2075234299999
283,BURI PRIMARY BOYS SCHOOL,مدرسة بوري الابتدائية للبنين,EDUCATIONAL INSTITUTIONS,مؤسسات تعليمية,PUBLIC SCHOOLS - BOYS,مدارس عامة - أولاد,756,50.4983753799999,26.1478175099999
284,EAST RIFFA PRIMARY BOYS SCHOOL,مدرسة الرفاع الشرقي الابتدائية للبنين,EDUCATIONAL INSTITUTIONS,مؤسسات تعليمية,PUBLIC SCHOOLS - BOYS,مدارس عامة - أولاد,903,50.56405559,26.11728716
285,EAST RIFFA SECONDARY BOYS SCHOOL,مدرسة الرفاع الشرقي الثانوية للبنين,EDUCATIONAL INSTITUTIONS,مؤسسات تعليمية,PUBLIC SCHOOLS - BOYS,مدارس عامة - أولاد,925,50.5738833899999,26.1277675599999
286,HAMAD TOWN INTERMEDIATE BOYS SCHOOL,مدرسة مدينة حمد الاعدادية للبنين,EDUCATIONAL INSTITUTIONS,مؤسسات تعليمية,PUBLIC SCHOOLS - BOYS,مدارس عامة - أولاد,1205,50.49611685,26.13109833
287,HAMAD TOWN PRIMARY BOYS SCHOOL,مدرسة مدينة حمد الابتدائية للبنين,EDUCATIONAL INSTITUTIONS,مؤسسات تعليمية,PUBLIC SCHOOLS - BOYS,مدارس عامة - أولاد,1206,50.50437883,26.1266417
288,HAMAD TOWN SECONDARY BOYS SCHOOL,مدرسة مدينة حمد الثانوية للبنين,EDUCATIONAL INSTITUTIONS,مؤسسات تعليمية,PUBLIC SCHOOLS - BOYS,مدارس عامة - أولاد,1205,50.49701798,26.13242095
289,HASAAN BIN THABIT PRIMARY BOYS SCHOOL,مدرسة حسان بن ثابت الابتدائية للبنين,EDUCATIONAL INSTITUTIONS,مؤسسات تعليمية,PUBLIC SCHOOLS - BOYS,مدارس عامة - أولاد,207,50.60550253,26.25460002
290,HATTEEN PRIMARY BOYS SCHOOL,مدرسة حطين الابتدائية للبنين,EDUCATIONAL INSTITUTIONS,مؤسسات تعليمية,PUBLIC SCHOOLS - BOYS,مدارس عامة - أولاد,313,50.56430057,26.2246924499999
291,HIDD PRIMARY & INTERMEDIATE BOYS SCHOOL,مدرسة الحد الابتدائية الاعدادية للبنين,EDUCATIONAL INSTITUTIONS,مؤسسات تعليمية,PUBLIC SCHOOLS - BOYS,مدارس عامة - أولاد,102,50.65646456,26.2504382599999
292,HIDD PRIMARY BOYS SCHOOL,مدرسة الحد الابتدائية للبنبن,EDUCATIONAL INSTITUTIONS,مؤسسات تعليمية,PUBLIC SCHOOLS - BOYS,مدارس عامة - أولاد,106,50.65697105,26.24354782
293,IBN AL NAFIS PRIMARY BOYS SCHOOL,مدرسة إبن النفيس الابتدائية للبنين,EDUCATIONAL INSTITUTIONS,مؤسسات تعليمية,PUBLIC SCHOOLS - BOYS,مدارس عامة - أولاد,608,50.6125766999999,26.15932209
294,IBN ROSHD INTERMEDIATE BOYS SCHOOL,مدرسة إبن رشد الاعدادية للبنين,EDUCATIONAL INSTITUTIONS,مؤسسات تعليمية,PUBLIC SCHOOLS - BOYS,مدارس عامة - أولاد,901,50.56355318,26.1215294299999
295,IBN SINA PRIMARY BOYS SCHOOL,مدرسة إبن سينا الابتدائية للبنين,EDUCATIONAL INSTITUTIONS,مؤسسات تعليمية,PUBLIC SCHOOLS - BOYS,مدارس عامة - أولاد,1204,50.5047165699999,26.1344777899999
296,IBN TUFAIL PRIMARY BOYS SCHOOL,مدرسة إبن طفيل الابتدائية للبنين,EDUCATIONAL INSTITUTIONS,مؤسسات تعليمية,PUBLIC SCHOOLS - BOYS,مدارس عامة - أولاد,1216,50.5134977199999,26.06467491
297,ISA TOWN INTERMEDIATE BOYS SCHOOL,مدرسة مدينة عيسى الاعدادية للبنين,EDUCATIONAL INSTITUTIONS,مؤسسات تعليمية,PUBLIC SCHOOLS - BOYS,مدارس عامة - أولاد,810,50.5475877499999,26.1757578299999
298,ISA TOWN PRIMARY BOYS SCHOOL,مدرسة مدينة عيسى الابتدائية للبنين,EDUCATIONAL INSTITUTIONS,مؤسسات تعليمية,PUBLIC SCHOOLS - BOYS,مدارس عامة - أولاد,803,50.5401306199999,26.1810034899999
299,ISA TOWN SECONDARY BOYS SCHOOL,مدرسة مدينة عيسى الثانوية للبنين,EDUCATIONAL INSTITUTIONS,مؤسسات تعليمية,PUBLIC SCHOOLS - BOYS,مدارس عامة - أولاد,813,50.5640116399999,26.1641109199999
300,JAAFARI RELIGIOUS INSTITUTE,المعهد الديني الجعفري,EDUCATIONAL INSTITUTIONS,مؤسسات تعليمية,PUBLIC SCHOOLS - BOYS,مدارس عامة - أولاد,340,50.60384844,26.2117396499999
301,JABER BIN HAYAN PRIMARY BOYS SCHOOL,مدرسة جابر بن حيان الابتدائية للبنين,EDUCATIONAL INSTITUTIONS,مؤسسات تعليمية,PUBLIC SCHOOLS - BOYS,مدارس عامة - أولاد,542,50.4626865099999,26.2230914499999
302,JIDHAFS INTERMEDIATE BOYS SCHOOL,مدرسة جدحفص الاعدادية للبنين,EDUCATIONAL INSTITUTIONS,مؤسسات تعليمية,PUBLIC SCHOOLS - BOYS,مدارس عامة - أولاد,431,50.52866001,26.21683118
303,JIDHAFS PRIMARY BOYS SCHOOL,مدرسة جدحفص الابتدائية للبنين,EDUCATIONAL INSTITUTIONS,مؤسسات تعليمية,PUBLIC SCHOOLS - BOYS,مدارس عامة - أولاد,425,50.5361829499999,26.21679722
304,JIDHAFS SECONDARY TECHNICAL BOYS SCHOOL,مدرسة جدحفص الثانوية الصناعية للبنين,EDUCATIONAL INSTITUTIONS,مؤسسات تعليمية,PUBLIC SCHOOLS - BOYS,مدارس عامة - أولاد,431,50.52732308,26.21788411
305,KARZAKKAN PRIMARY BOYS SCHOOL,مدرسة كرزكان الابتدائية للبنين,EDUCATIONAL INSTITUTIONS,مؤسسات تعليمية,PUBLIC SCHOOLS - BOYS,مدارس عامة - أولاد,1026,50.4823927799999,26.11604561
306,KHALID BIN AL WALEED PRIMARY BOYS SCHOOL,مدرسة خالد بن الوليد الابتدائية للبنين,EDUCATIONAL INSTITUTIONS,مؤسسات تعليمية,PUBLIC SCHOOLS - BOYS,مدارس عامة - أولاد,809,50.54760945,26.16847534
307,NAIM SECONDARY BOYS SCHOOL,مدرسة النعيم الثانوية للبنين,EDUCATIONAL INSTITUTIONS,مؤسسات تعليمية,PUBLIC SCHOOLS - BOYS,مدارس عامة - أولاد,314,50.5683148399999,26.22944987
308,OMAR BIN ABDULAZIZ PRIMARY BOYS SCHOOL,مدرسة عمر بن عبدالعزيز الابتدائية للبنبن,EDUCATIONAL INSTITUTIONS,مؤسسات تعليمية,PUBLIC SCHOOLS - BOYS,مدارس عامة - أولاد,216,50.6170435599999,26.2440934199999
309,OMAR BIN AL KHATTAB PRIMARY & INTERMEDIATE BOYS SCHOOL,مدرسة عمر بن الخطاب الابتدائية الاعدادية للبنين,EDUCATIONAL INSTITUTIONS,مؤسسات تعليمية,PUBLIC SCHOOLS - BOYS,مدارس عامة - أولاد,203,50.60902836,26.25829677
310,OSAMAH BIN ZAID PRIMARY BOYS SCHOOL,مدرسة أسامة بن زيد الابتدائية للبنين,EDUCATIONAL INSTITUTIONS,مؤسسات تعليمية,PUBLIC SCHOOLS - BOYS,مدارس عامة - أولاد,1210,50.5029978099999,26.09944716
311,OTHMAN BIN AFFAN INTERMEDIATE BOYS SCHOOL,مدرسة عثمان بن عفان الاعدادية للبنين,EDUCATIONAL INSTITUTIONS,مؤسسات تعليمية,PUBLIC SCHOOLS - BOYS,مدارس عامة - أولاد,813,50.56131889,26.16392717
312,QALALI PRIMARY BOYS SCHOOL,مدرسة قلالي الابتدائية للبنين,EDUCATIONAL INSTITUTIONS,مؤسسات تعليمية,PUBLIC SCHOOLS - BOYS,مدارس عامة - أولاد,254,50.65548176,26.26815007
313,QUDAIBIYA PRIMARY & INTERMEDIATE BOYS SCHOOL,مدرسة القضيبية الابتدائية الاعدادية للبنين,EDUCATIONAL INSTITUTIONS,مؤسسات تعليمية,PUBLIC SCHOOLS - BOYS,مدارس عامة - أولاد,325,50.59226245,26.2208684699999
314,RELIGIOUS INSTITUTE,المعهد الديني,EDUCATIONAL INSTITUTIONS,مؤسسات تعليمية,PUBLIC SCHOOLS - BOYS,مدارس عامة - أولاد,324,50.60038412,26.21787071
315,RELIGIOUS INSTITUTE,المعهد الديني,EDUCATIONAL INSTITUTIONS,مؤسسات تعليمية,PUBLIC SCHOOLS - BOYS,مدارس عامة - أولاد,340,50.60828447,26.2126872099999
316,RIFFA INTERMEDIATE BOYS SCHOOL,مدرسة الرفاع الاعدادية للبنين,EDUCATIONAL INSTITUTIONS,مؤسسات تعليمية,PUBLIC SCHOOLS - BOYS,مدارس عامة - أولاد,919,50.5647929399999,26.1324611699999
317,SAAD BIN ABI WAQAS PRIMARY BOYS SCHOOL,مدرسة سعد بن أبي وقاص الابتدائية للبنين,EDUCATIONAL INSTITUTIONS,مؤسسات تعليمية,PUBLIC SCHOOLS - BOYS,مدارس عامة - أولاد,1209,50.5010341799999,26.11107664
318,SAFREH PRIMARY & INTERMEDIATE BOYS SCHOOL,مدرسة سافره الابتدائية الاعدادية للبنين,EDUCATIONAL INSTITUTIONS,مؤسسات تعليمية,PUBLIC SCHOOLS - BOYS,مدارس عامة - أولاد,944,50.54176205,26.09982703
319,SALAH ALDIN AL AYOUBI PRIMARY BOYS SCHOOL,مدرسة صلاح الدين الأيوبي الابتدائية للبنين,EDUCATIONAL INSTITUTIONS,مؤسسات تعليمية,PUBLIC SCHOOLS - BOYS,مدارس عامة - أولاد,925,50.57251093,26.1282232699999
320,SAMAHEEJ PRIMARY & INTERMEDIATE BOYS SCHOOL,مدرسة سماهيج الابتدائية الاعدادية للبنين,EDUCATIONAL INSTITUTIONS,مؤسسات تعليمية,PUBLIC SCHOOLS - BOYS,مدارس عامة - أولاد,236,50.6397638099999,26.27635699
321,SANAD PRIMARY BOYS SCHOOL,مدرسة سند الابتدائية للبنين,EDUCATIONAL INSTITUTIONS,مؤسسات تعليمية,PUBLIC SCHOOLS - BOYS,مدارس عامة - أولاد,743,50.58003481,26.15233763
322,SAR PRIMARY BOYS SCHOOL,مدرسة سار الابتدائية للبنين,EDUCATIONAL INSTITUTIONS,مؤسسات تعليمية,PUBLIC SCHOOLS - BOYS,مدارس عامة - أولاد,523,50.4840844,26.1936095599999
323,SHAHRAKKAN PRIMARY BOYS SCHOOL,مدرسة شهركان الابتدائية للبنين,EDUCATIONAL INSTITUTIONS,مؤسسات تعليمية,PUBLIC SCHOOLS - BOYS,مدارس عامة - أولاد,1042,50.49653157,26.0731775299999
324,SHAIKH ABDULAZIZ BIN MUHAMMAD SECONDARY BOYS SCHOOL,مدرسة الشيخ عبدالعزيز بن محمد الثانوية للبنين,EDUCATIONAL INSTITUTIONS,مؤسسات تعليمية,PUBLIC SCHOOLS - BOYS,مدارس عامة - أولاد,336,50.5923111,26.20965298
325,SHAIKH ABDULLAH BIN ISA SECONDARY TECHNICAL BOYS SCHOOL,مدرسة الشيخ عبدالله بن عيسى الصناعية الثانوية للبنين,EDUCATIONAL INSTITUTIONS,مؤسسات تعليمية,PUBLIC SCHOOLS - BOYS,مدارس عامة - أولاد,841,50.5440280099999,26.1615155299999
326,SHAIKH ISA BIN ALI SECONDARY BOYS SCHOOL,مدرسة الشيخ عيسى بن علي الثانوية للبنين,EDUCATIONAL INSTITUTIONS,مؤسسات تعليمية,PUBLIC SCHOOLS - BOYS,مدارس عامة - أولاد,841,50.5437658399999,26.16154905
327,SHAIKH KHALIFA TECHNOLOGY INSTITUTE,معهد الشيخ خليفة للتكنولوجيا,EDUCATIONAL INSTITUTIONS,مؤسسات تعليمية,PUBLIC SCHOOLS - BOYS,مدارس عامة - أولاد,228,50.6017744999999,26.26535485
328,SHAIKH MUHAMMAD BIN ISA PRIMARY BOYS SCHOOL,مدرسة الشيخ محمد بن عيسى الابتدائية للبنين,EDUCATIONAL INSTITUTIONS,مؤسسات تعليمية,PUBLIC SCHOOLS - BOYS,مدارس عامة - أولاد,209,50.6128510599999,26.2537683599999
329,SHAIKH MUHAMMAD BIN KHALIFA AAL KHALIFA PRIMARY & INTERMEDIATE BOYS SCHOOL,مدرسة سمو الشيخ محمد بن خليفة آل خليفة الابتدائية الاعدادية للبنين,EDUCATIONAL INSTITUTIONS,مؤسسات تعليمية,PUBLIC SCHOOLS - BOYS,مدارس عامة - أولاد,552,50.4471881999999,26.2133052199999
330,SITRA PRIMARY BOYS SCHOOL,مدرسة سترة الابتدائية للبنين,EDUCATIONAL INSTITUTIONS,مؤسسات تعليمية,PUBLIC SCHOOLS - BOYS,مدارس عامة - أولاد,605,50.6171993,26.16135208
331,TARIQ BIN ZIYAD INTERMEDIATE BOYS SCHOOL,مدرسة طارق بن زياد الاعدادية للبنين ,EDUCATIONAL INSTITUTIONS,مؤسسات تعليمية,PUBLIC SCHOOLS - BOYS,مدارس عامة - أولاد,204,50.6190315799999,26.25805902
332,TUBLI PRIMARY BOYS SCHOOL,مدرسة توبلي الابتدائية للبنين,EDUCATIONAL INSTITUTIONS,مؤسسات تعليمية,PUBLIC SCHOOLS - BOYS,مدارس عامة - أولاد,709,50.5517486899999,26.180253
333,UMM ALHASSAM PRIMARY BOYS SCHOOL,مدرسة أم الحصم الابتدائية للبنين,EDUCATIONAL INSTITUTIONS,مؤسسات تعليمية,PUBLIC SCHOOLS - BOYS,مدارس عامة - أولاد,337,50.5944980599999,26.2049548299999
334,WEST RIFFA PRIMARY BOYS SCHOOL,مدرسة الرفاع الغربي الابتدائية للبنين,EDUCATIONAL INSTITUTIONS,مؤسسات تعليمية,PUBLIC SCHOOLS - BOYS,مدارس عامة - أولاد,910,50.5472446699999,26.1258532
335,AʻALI INTERMEDIATE GIRLS SCHOOL,مدرسة عالي الاعدادية للبنات,EDUCATIONAL INSTITUTIONS,مؤسسات تعليمية,PUBLIC SCHOOLS - GIRLS,مدارس عامة - بنات,734,50.5242300099999,26.15236307
336,AʻALI PRIMARY GIRLS SCHOOL,مدرسة عالي الابتدائية للبنات,EDUCATIONAL INSTITUTIONS,مؤسسات تعليمية,PUBLIC SCHOOLS - GIRLS,مدارس عامة - بنات,736,50.52668954,26.14934981
337,A'AMENA BINT WAHAB PRIMARY GIRLS SCHOOL,مدرسة آمنة بنت وهب الابتدائية للبنات,EDUCATIONAL INSTITUTIONS,مؤسسات تعليمية,PUBLIC SCHOOLS - GIRLS,مدارس عامة - بنات,207,50.6054328399999,26.25546968
338,AIN JALOOT PRIMARY GIRLS SCHOOL,مدرسة عين جالوت الابتدائية للبنات,EDUCATIONAL INSTITUTIONS,مؤسسات تعليمية,PUBLIC SCHOOLS - GIRLS,مدارس عامة - بنات,813,50.5608611899999,26.1657057299999
339,ʻAISHA UMM AL MOAMININ INTERMEDIATE GIRLS SCHOOL,مدرسة عائشة أم المؤمنين الاعدادية للبنات,EDUCATIONAL INSTITUTIONS,مؤسسات تعليمية,PUBLIC SCHOOLS - GIRLS,مدارس عامة - بنات,305,50.58136933,26.2329471
340,AL ʻAHAD AL ZAHER SECONDARY GIRLS SCHOOL,مدرسة العهد الزاهر الثانوية للبنات,EDUCATIONAL INSTITUTIONS,مؤسسات تعليمية,PUBLIC SCHOOLS - GIRLS,مدارس عامة - بنات,1214,50.5105203399999,26.06917438
341,AL ANDALUS PRIMARY GIRLS SCHOOL,مدرسة الاندلس الابتدائية للبنات,EDUCATIONAL INSTITUTIONS,مؤسسات تعليمية,PUBLIC SCHOOLS - GIRLS,مدارس عامة - بنات,937,50.57194582,26.13947955
342,AL BUDAIYA PRIMARY & INTERMEDIATE GIRLS SCHOOL,مدرسة البديع الابتدائية الاعدادية للبنات,EDUCATIONAL INSTITUTIONS,مؤسسات تعليمية,PUBLIC SCHOOLS - GIRLS,مدارس عامة - بنات,555,50.44886331,26.2090469599999
343,AL BUSAITEEN INTERMEDIATE GIRLS SCHOOL,مدرسة البسيتين الاعدادية للبنات,EDUCATIONAL INSTITUTIONS,مؤسسات تعليمية,PUBLIC SCHOOLS - GIRLS,مدارس عامة - بنات,224,50.61561796,26.26919257
344,AL BUSAITEEN INTERMEDIATE GIRLS SCHOOL,مدرسة البسيتين الإعدادية للبنات,EDUCATIONAL INSTITUTIONS,مؤسسات تعليمية,PUBLIC SCHOOLS - GIRLS,مدارس عامة - بنات,228,50.6006840299999,26.2778056599999
345,AL DAIH PRIMARY & INTERMEDIATE GIRLS SCHOOL,مدرسة الديه الابتدائية الاعدادية للبنات,EDUCATIONAL INSTITUTIONS,مؤسسات تعليمية,PUBLIC SCHOOLS - GIRLS,مدارس عامة - بنات,414,50.53472533,26.22566115
346,AL DAIR PRIMARY & INTERMEDIATE GIRLS SCHOOL,مدرسة الدير الابتدائية الاعدادية للبنات,EDUCATIONAL INSTITUTIONS,مؤسسات تعليمية,PUBLIC SCHOOLS - GIRLS,مدارس عامة - بنات,233,50.6289203199999,26.28052359
347,AL DIRAZ INTERMEDIATE GIRLS SCHOOL,مدرسة الدراز الاعدادية للبنات,EDUCATIONAL INSTITUTIONS,مؤسسات تعليمية,PUBLIC SCHOOLS - GIRLS,مدارس عامة - بنات,540,50.46100057,26.21992985
348,AL DIRAZ PRIMARY GIRLS SCHOOL,مدرسة الدراز الابتدائية للبنات,EDUCATIONAL INSTITUTIONS,مؤسسات تعليمية,PUBLIC SCHOOLS - GIRLS,مدارس عامة - بنات,542,50.46257819,26.22502276
349,AL ESTIQLAL SECONDARY GIRLS SCHOOL,مدرسة الاستقلال الثانوية للبنات,EDUCATIONAL INSTITUTIONS,مؤسسات تعليمية,PUBLIC SCHOOLS - GIRLS,مدارس عامة - بنات,215,50.6103811999999,26.24610753
350,AL HOORA SECONDARY GIRLS SCHOOL,مدرسة الحورة الثانوية للبنات,EDUCATIONAL INSTITUTIONS,مؤسسات تعليمية,PUBLIC SCHOOLS - GIRLS,مدارس عامة - بنات,318,50.5894737799999,26.23049972
351,AL KHALEEJ AL ARABI INTERMEDIATE GIRLS SCHOOL,مدرسة الخليج العربي الاعدادية للبنات,EDUCATIONAL INSTITUTIONS,مؤسسات تعليمية,PUBLIC SCHOOLS - GIRLS,مدارس عامة - بنات,914,50.5514828,26.13280245
352,AL KHANSA PRIMARY GIRLS SCHOOL,مدرسة الخنساء الابتدائية للبنات,EDUCATIONAL INSTITUTIONS,مؤسسات تعليمية,PUBLIC SCHOOLS - GIRLS,مدارس عامة - بنات,809,50.54893065,26.1685087299999
353,AL MAAREFA FEMALE SECONDARY GIRLS SCHOOL,مدرسة المعرفة الثانوية للبنات,EDUCATIONAL INSTITUTIONS,مؤسسات تعليمية,PUBLIC SCHOOLS - GIRLS,مدارس عامة - بنات,923,50.5646854499999,26.1352292499999
354,AL MANHAL PRIMARY GIRLS SCHOOL,مدرسة المنهل الابتدائية للبنات,EDUCATIONAL INSTITUTIONS,مؤسسات تعليمية,PUBLIC SCHOOLS - GIRLS,مدارس عامة - بنات,1209,50.4999575599999,26.1115580499999
355,AL MUHARRAQ PRIMARY GIRLS SCHOOL,مدرسة المحرق الابتدائية للبنات,EDUCATIONAL INSTITUTIONS,مؤسسات تعليمية,PUBLIC SCHOOLS - GIRLS,مدارس عامة - بنات,210,50.6192862899999,26.25396697
356,AL MUHARRAQ SECONDARY GIRLS SCHOOL,مدرسة المحرق الثانوية للبنات,EDUCATIONAL INSTITUTIONS,مؤسسات تعليمية,PUBLIC SCHOOLS - GIRLS,مدارس عامة - بنات,204,50.61691683,26.2606393199999
357,AL MUSTAQBAL PRIMARY GIRLS SCHOOL,مدرسة المستقبل الابتدائية للبنات,EDUCATIONAL INSTITUTIONS,مؤسسات تعليمية,PUBLIC SCHOOLS - GIRLS,مدارس عامة - بنات,913,50.55977687,26.13513537
358,AL NABIH SALEH PRIMARY GIRLS SCHOOL,مدرسة النبيه صالح الابتدائية للبنات,EDUCATIONAL INSTITUTIONS,مؤسسات تعليمية,PUBLIC SCHOOLS - GIRLS,مدارس عامة - بنات,380,50.5849030799999,26.18403722
359,AL NOOR SECONDARY GIRLS SCHOOL,مدرسة النور الثانوية للبنات,EDUCATIONAL INSTITUTIONS,مؤسسات تعليمية,PUBLIC SCHOOLS - GIRLS,مدارس عامة - بنات,815,50.5671396099999,26.15860026
360,AL NUZHA PRIMARY GIRLS SCHOOL,مدرسة النزهة الابتدائية للبنات,EDUCATIONAL INSTITUTIONS,مؤسسات تعليمية,PUBLIC SCHOOLS - GIRLS,مدارس عامة - بنات,1214,50.511066,26.0744710899999
361,AL QADISIYAH PRIMARY GIRLS SCHOOL,مدرسة القادسية الابتدائية للبنات,EDUCATIONAL INSTITUTIONS,مؤسسات تعليمية,PUBLIC SCHOOLS - GIRLS,مدارس عامة - بنات,606,50.6124680499999,26.1643931899999
362,AL QAYRAWAN INTERMEDIATE GIRLS SCHOOL,مدرسة القيروان الاعدادية للبنات,EDUCATIONAL INSTITUTIONS,مؤسسات تعليمية,PUBLIC SCHOOLS - GIRLS,مدارس عامة - بنات,1214,50.5102839999999,26.07054872
363,AL RAWDAH PRIMARY GIRLS SCHOOL,مدرسة الروضة الابتدائية للبنات,EDUCATIONAL INSTITUTIONS,مؤسسات تعليمية,PUBLIC SCHOOLS - GIRLS,مدارس عامة - بنات,1208,50.51053602,26.1122696
364,AL SAFA PRIMARY GIRLS SCHOOL,مدرسة الصفا الابتدائية للبنات,EDUCATIONAL INSTITUTIONS,مؤسسات تعليمية,PUBLIC SCHOOLS - GIRLS,مدارس عامة - بنات,740,50.5198269099999,26.161842
365,AL SALAM PRIMARY GIRLS SCHOOL,مدرسة السلام الابتدائية للبنات,EDUCATIONAL INSTITUTIONS,مؤسسات تعليمية,PUBLIC SCHOOLS - GIRLS,مدارس عامة - بنات,422,50.5327101399999,26.2211369999999
366,AL SEHLA PRIMARY GIRLS SCHOOL,مدرسة السهلة الابتدائية للبنات,EDUCATIONAL INSTITUTIONS,مؤسسات تعليمية,PUBLIC SCHOOLS - GIRLS,مدارس عامة - بنات,439,50.5284954099999,26.2027591999999
367,AL SHOROOQ SECONDARY GIRLS SCHOOL,مدرسة الشروق الثانوية للبنات,EDUCATIONAL INSTITUTIONS,مؤسسات تعليمية,PUBLIC SCHOOLS - GIRLS,مدارس عامة - بنات,575,50.4788352799999,26.1853995899999
368,AL UROOBA PRIMARY GIRLS SCHOOL,مدرسة العروبة الابتدائية للبنات,EDUCATIONAL INSTITUTIONS,مؤسسات تعليمية,PUBLIC SCHOOLS - GIRLS,مدارس عامة - بنات,244,50.6450590099999,26.24997227
369,AL WAFA SECONDARY GIRLS SCHOOL,مدرسة الوفاء الثانوية للبنات,EDUCATIONAL INSTITUTIONS,مؤسسات تعليمية,PUBLIC SCHOOLS - GIRLS,مدارس عامة - بنات,816,50.56942042,26.1613991
370,AL ZALLAQ PRIMARY & INTERMEDIATE GIRLS SCHOOL,مدرسة الزلاق الابتدائية الاعدادية للبنات,EDUCATIONAL INSTITUTIONS,مؤسسات تعليمية,PUBLIC SCHOOLS - GIRLS,مدارس عامة - بنات,1056,50.4891416,26.04906452
371,ALBILAD ALQADIM PRIMARY GIRLS SCHOOL,مدرسة البلاد القديم الابتدائية للبنات,EDUCATIONAL INSTITUTIONS,مؤسسات تعليمية,PUBLIC SCHOOLS - GIRLS,مدارس عامة - بنات,362,50.55494936,26.20540226
372,ALHUNAINIA PRIMARY GIRLS SCHOOL,مدرسة الحنينية الابتدائية للبنات,EDUCATIONAL INSTITUTIONS,مؤسسات تعليمية,PUBLIC SCHOOLS - GIRLS,مدارس عامة - بنات,903,50.56376513,26.1181051199999
373,ALQUDS PRIMARY GIRLS SCHOOL,مدرسة القدس الابتدائية للبنات,EDUCATIONAL INSTITUTIONS,مؤسسات تعليمية,PUBLIC SCHOOLS - GIRLS,مدارس عامة - بنات,342,50.60043155,26.2068019899999
374,ALSALMANIYA PRIMARY GIRLS SCHOOL,مدرسة السلمانية الابتدائية للبنات,EDUCATIONAL INSTITUTIONS,مؤسسات تعليمية,PUBLIC SCHOOLS - GIRLS,مدارس عامة - بنات,311,50.57189781,26.2205765299999
375,ALSANABIS INTERMEDIATE GIRLS SCHOOL,مدرسة السنابس الاعدادية للبنات,EDUCATIONAL INSTITUTIONS,مؤسسات تعليمية,PUBLIC SCHOOLS - GIRLS,مدارس عامة - بنات,408,50.5464557299999,26.22628183
376,ALSANABIS PRIMARY GIRLS SCHOOL,مدرسة السنابس الابتدائية للبنات,EDUCATIONAL INSTITUTIONS,مؤسسات تعليمية,PUBLIC SCHOOLS - GIRLS,مدارس عامة - بنات,404,50.5432025499999,26.2211816
377,ALTADHAMUN SECONDARY GIRLS SCHOOL,مدرسة التضامن الثانوية للبنات,EDUCATIONAL INSTITUTIONS,مؤسسات تعليمية,PUBLIC SCHOOLS - GIRLS,مدارس عامة - بنات,1214,50.5117051699999,26.0696435499999
378,ARAD INTERMEDIATE GIRLS SCHOOL,مدرسة عراد الاعدادية للبنات,EDUCATIONAL INSTITUTIONS,مؤسسات تعليمية,PUBLIC SCHOOLS - GIRLS,مدارس عامة - بنات,240,50.63029575,26.25475282
379,ARAD PRIMARY GIRLS SCHOOL,مدرسة عراد الابتدائية للبنات,EDUCATIONAL INSTITUTIONS,مؤسسات تعليمية,PUBLIC SCHOOLS - GIRLS,مدارس عامة - بنات,240,50.6311506099999,26.25635743
380,ASMA THAT ALNETAQAIN PRIMARY GIRLS SCHOOL,مدرسة اسماء ذات النطاقين الابتدائية للبنات,EDUCATIONAL INSTITUTIONS,مؤسسات تعليمية,PUBLIC SCHOOLS - GIRLS,مدارس عامة - بنات,108,50.6557176399999,26.23673803
381,BAIT AL HEKMA PRIMARY GIRLS SCHOOL,مدرسة بيت الحكمة الابتدائية للبنات,EDUCATIONAL INSTITUTIONS,مؤسسات تعليمية,PUBLIC SCHOOLS - GIRLS,مدارس عامة - بنات,816,50.56898093,26.16235927
382,BALQEES PRIMARY GIRLS SCHOOL,مدرسة بلقيس الابتدائية للبنات,EDUCATIONAL INSTITUTIONS,مؤسسات تعليمية,PUBLIC SCHOOLS - GIRLS,مدارس عامة - بنات,1022,50.4807643099999,26.1219274
383,BURI PRIMARY GIRLS SCHOOL,مدرسة بوري الابتدائية للبنات,EDUCATIONAL INSTITUTIONS,مؤسسات تعليمية,PUBLIC SCHOOLS - GIRLS,مدارس عامة - بنات,756,50.4984191799999,26.14694619
384,BUSAITEEN PRIMARY GIRLS SCHOOL,مدرسة البسيتين الابتدائية للبنات,EDUCATIONAL INSTITUTIONS,مؤسسات تعليمية,PUBLIC SCHOOLS - GIRLS,مدارس عامة - بنات,221,50.6066162199999,26.26173829
385,EAST RIFFA INTERMEDIATE GIRLS SCHOOL,مدرسة الرفاع الشرقي الاعدادية للبنات,EDUCATIONAL INSTITUTIONS,مؤسسات تعليمية,PUBLIC SCHOOLS - GIRLS,مدارس عامة - بنات,935,50.57340751,26.13261791
386,EAST RIFFA PRIMARY GIRLS SCHOOL,مدرسة الرفاع الشرقي الابتدائية للبنات,EDUCATIONAL INSTITUTIONS,مؤسسات تعليمية,PUBLIC SCHOOLS - GIRLS,مدارس عامة - بنات,907,50.57593132,26.1175456699999
387,FATIMAH AL ZAHRA' PRIMARY GIRLS SCHOOL,مدرسة فاطمة الزهراء الابتدائية للبنات,EDUCATIONAL INSTITUTIONS,مؤسسات تعليمية,PUBLIC SCHOOLS - GIRLS,مدارس عامة - بنات,301,50.57974531,26.2301349399999
388,FATIMAH BINT AL KHATTAB PRIMARY GIRLS SCHOOL,مدرسة فاطمة بنت الخطاب الابتدائية للبنات,EDUCATIONAL INSTITUTIONS,مؤسسات تعليمية,PUBLIC SCHOOLS - GIRLS,مدارس عامة - بنات,925,50.5716185,26.1303591799999
389,FATIMAH BINT ASAD PRIMARY GIRLS SCHOOL,مدرسة فاطمة بنت أسد الابتدائية للبنات,EDUCATIONAL INSTITUTIONS,مؤسسات تعليمية,PUBLIC SCHOOLS - GIRLS,مدارس عامة - بنات,463,50.51189087,26.21478153
390,GHARNATAH PRIMARY GIRLS SCHOOL,مدرسة غرناطة الابتدائية للبنات,EDUCATIONAL INSTITUTIONS,مؤسسات تعليمية,PUBLIC SCHOOLS - GIRLS,مدارس عامة - بنات,608,50.6191433199999,26.15526501
391,GHAZI AL GOSAIBI SECONDARY GIRLS SCHOOL,مدرسة غازي القصيبي الثانوية للبنات,EDUCATIONAL INSTITUTIONS,مؤسسات تعليمية,PUBLIC SCHOOLS - GIRLS,مدارس عامة - بنات,1205,50.49493223,26.12439669
392,HAFSA UMM AL MOAMININ PRIMARY GIRLS SCHOOL,مدرسة حفصة أم المؤمنين الابتدائية للبنات,EDUCATIONAL INSTITUTIONS,مؤسسات تعليمية,PUBLIC SCHOOLS - GIRLS,مدارس عامة - بنات,814,50.56214791,26.1698820999999
393,HAJAR PRIMARY GIRLS SCHOOL,مدرسة هاجر الابتدائية للبنات,EDUCATIONAL INSTITUTIONS,مؤسسات تعليمية,PUBLIC SCHOOLS - GIRLS,مدارس عامة - بنات,541,50.4569898299999,26.21230791
394,HALIMAH AL SAADIYAH INTERMEDIATE GIRLS SCHOOL,مدرسة حليمة السعدية الاعدادية للبنات,EDUCATIONAL INSTITUTIONS,مؤسسات تعليمية,PUBLIC SCHOOLS - GIRLS,مدارس عامة - بنات,328,50.57998347,26.21455709
395,HAMAD TOWN INTERMEDIATE GIRLS SCHOOL,مدرسة مدينة حمد الاعدادية للبنات,EDUCATIONAL INSTITUTIONS,مؤسسات تعليمية,PUBLIC SCHOOLS - GIRLS,مدارس عامة - بنات,1204,50.50298472,26.13198213
396,HAMAD TOWN PRIMARY GIRLS SCHOOL,مدرسة مدينة حمد الابتدائية للبنات,EDUCATIONAL INSTITUTIONS,مؤسسات تعليمية,PUBLIC SCHOOLS - GIRLS,مدارس عامة - بنات,1206,50.5025273799999,26.1281732799999
397,HAMAD TOWN SECONDARY GIRLS SCHOOL,مدرسة مدينة حمد الثانوية للبنات,EDUCATIONAL INSTITUTIONS,مؤسسات تعليمية,PUBLIC SCHOOLS - GIRLS,مدارس عامة - بنات,1218,50.50637614,26.10762413
398,HIDD INTERMEDIATE GIRLS SCHOOL,مدرسة الحد الاعدادية للبنات,EDUCATIONAL INSTITUTIONS,مؤسسات تعليمية,PUBLIC SCHOOLS - GIRLS,مدارس عامة - بنات,103,50.65320492,26.2501488
399,HIDD SECONDARY GIRLS SCHOOL,مدرسة الحد الثانوية للبنات,EDUCATIONAL INSTITUTIONS,مؤسسات تعليمية,PUBLIC SCHOOLS - GIRLS,مدارس عامة - بنات,110,50.65649888,26.24082267
400,ISA TOWN INTERMEDIATE GIRLS SCHOOL,مدرسة مدينة عيسى الاعدادية للبنات,EDUCATIONAL INSTITUTIONS,مؤسسات تعليمية,PUBLIC SCHOOLS - GIRLS,مدارس عامة - بنات,807,50.54302452,26.17493786
401,ISA TOWN SECONDARY GIRLS SCHOOL,مدرسة مدينة عيسى الثانوية للبنات,EDUCATIONAL INSTITUTIONS,مؤسسات تعليمية,PUBLIC SCHOOLS - GIRLS,مدارس عامة - بنات,814,50.5645456299999,26.16614733
402,JAW PRIMARY & INTERMEDIATE GIRLS SCHOOL,مدرسة جو الابتدائية الاعدادية للبنات,EDUCATIONAL INSTITUTIONS,مؤسسات تعليمية,PUBLIC SCHOOLS - GIRLS,مدارس عامة - بنات,960,50.6182476999999,25.9961112599999
403,JIDHAFS SECONDARY GIRLS SCHOOL,مدرسة جدحفص الثانوية للبنات,EDUCATIONAL INSTITUTIONS,مؤسسات تعليمية,PUBLIC SCHOOLS - GIRLS,مدارس عامة - بنات,421,50.54056251,26.2153820999999
404,KARRANAH PRIMARY GIRLS SCHOOL,مدرسة كرانة الابتدائية للبنات,EDUCATIONAL INSTITUTIONS,مؤسسات تعليمية,PUBLIC SCHOOLS - GIRLS,مدارس عامة - بنات,460,50.51294267,26.22942928
405,KHADIJAH AL KUBRA INTERMEDIATE GIRLS SCHOOL,مدرسة خديجة الكبرى الاعدادية للبنات,EDUCATIONAL INSTITUTIONS,مؤسسات تعليمية,PUBLIC SCHOOLS - GIRLS,مدارس عامة - بنات,211,50.61281847,26.25260451
406,KHAWLA SECONDARY GIRLS SCHOOL,مدرسة خولة الثانوية للبنات,EDUCATIONAL INSTITUTIONS,مؤسسات تعليمية,PUBLIC SCHOOLS - GIRLS,مدارس عامة - بنات,325,50.59442628,26.2205681199999
407,KURTUBA INTERMEDIATE GIRLS SCHOOL,مدرسة قرطبة الاعدادية للبنات,EDUCATIONAL INSTITUTIONS,مؤسسات تعليمية,PUBLIC SCHOOLS - GIRLS,مدارس عامة - بنات,361,50.5594819599999,26.2080485299999
408,MARIAM BINT OMRAN PRIMARY GIRLS SCHOOL,مدرسة مريم بنت عمران الابتدائية للبنات,EDUCATIONAL INSTITUTIONS,مؤسسات تعليمية,PUBLIC SCHOOLS - GIRLS,مدارس عامة - بنات,211,50.6135039999999,26.25172701
409,NUSAIBA BINT KAAB PRIMARY GIRLS SCHOOL,مدرسة نسيبة بنت كعب الابتدائية للبنات ,EDUCATIONAL INSTITUTIONS,مؤسسات تعليمية,PUBLIC SCHOOLS - GIRLS,مدارس عامة - بنات,1210,50.5047804399999,26.09855401
410,NUWAIDRAT PRIMARY GIRLS SCHOOL,مدرسة النويدرات الابتدائية للبنات,EDUCATIONAL INSTITUTIONS,مؤسسات تعليمية,PUBLIC SCHOOLS - GIRLS,مدارس عامة - بنات,644,50.60075461,26.13560214
411,OMAYMA BINT AL NUAMAN SECONDARY GIRLS SCHOOL,مدرسة أميمة بنت النعمان الثانوية للبنات,EDUCATIONAL INSTITUTIONS,مؤسسات تعليمية,PUBLIC SCHOOLS - GIRLS,مدارس عامة - بنات,808,50.54372019,26.17906504
412,RABEAA ALADAWIYA PRIMARY GIRLS SCHOOL,مدرسة رابعة العدوية الابتدائية للبنات,EDUCATIONAL INSTITUTIONS,مؤسسات تعليمية,PUBLIC SCHOOLS - GIRLS,مدارس عامة - بنات,308,50.58742825,26.2245458499999
413,ROQUYA PRIMARY GIRLS SCHOOL,مدرسة رقية الابتدائية للبنات,EDUCATIONAL INSTITUTIONS,مؤسسات تعليمية,PUBLIC SCHOOLS - GIRLS,مدارس عامة - بنات,251,50.6539166199999,26.2729947899999
414,SABAA PRIMARY GIRLS SCHOOL,مدرسة سبأ الابتدائية للبنات,EDUCATIONAL INSTITUTIONS,مؤسسات تعليمية,PUBLIC SCHOOLS - GIRLS,مدارس عامة - بنات,1216,50.5103361199999,26.0640486699999
415,SAFIYA BINT ABDULMUTALIB PRIMARY & INTERMEDIATE GIRLS SCHOOL,مدرسة صفية بنت عبدالمطلب الابتدائية الاعدادية للبنات,EDUCATIONAL INSTITUTIONS,مؤسسات تعليمية,PUBLIC SCHOOLS - GIRLS,مدارس عامة - بنات,1204,50.5060513,26.13603352
416,SAFRAH PRIMARY & INTERMEDIATE GIRLS SCHOOL,مدرسة سافره الابتدائية الاعدادية للبنات,EDUCATIONAL INSTITUTIONS,مؤسسات تعليمية,PUBLIC SCHOOLS - GIRLS,مدارس عامة - بنات,944,50.5422336299999,26.0988165099999
417,SAKINAH BINT ALHUSSAIN PRIMARY GIRLS SCHOOL,مدرسة سكينة بنت الحسين الابتدائية للبنات,EDUCATIONAL INSTITUTIONS,مؤسسات تعليمية,PUBLIC SCHOOLS - GIRLS,مدارس عامة - بنات,306,50.58520842,26.2373605499999
418,SALIMABAD PRIMARY GIRLS SCHOOL,مدرسة سلماباد الابتدائية للبنات,EDUCATIONAL INSTITUTIONS,مؤسسات تعليمية,PUBLIC SCHOOLS - GIRLS,مدارس عامة - بنات,706,50.5257592999999,26.1804174799999
419,SANAD PRIMARY GIRLS SCHOOL,مدرسة سند الابتدائية للبنات,EDUCATIONAL INSTITUTIONS,مؤسسات تعليمية,PUBLIC SCHOOLS - GIRLS,مدارس عامة - بنات,743,50.57909285,26.1537423999999
420,SAR PRIMARY GIRLS SCHOOL,مدرسة سار الابتدائية للبنات,EDUCATIONAL INSTITUTIONS,مؤسسات تعليمية,PUBLIC SCHOOLS - GIRLS,مدارس عامة - بنات,523,50.4869702499999,26.19212744
421,SAR SECONDARY GIRLS SCHOOL,مدرسة سار الثانوية للبنات,EDUCATIONAL INSTITUTIONS,مؤسسات تعليمية,PUBLIC SCHOOLS - GIRLS,مدارس عامة - بنات,575,50.4786338799999,26.18634763
422,SHAHRAKKAN PRIMARY GIRLS SCHOOL,مدرسة شهركان الابتدائية للبنات,EDUCATIONAL INSTITUTIONS,مؤسسات تعليمية,PUBLIC SCHOOLS - GIRLS,مدارس عامة - بنات,1042,50.49663812,26.0771905599999
423,SITRA INTERMEDIATE GIRLS SCHOOL,مدرسة سترة الاعدادية للبنات,EDUCATIONAL INSTITUTIONS,مؤسسات تعليمية,PUBLIC SCHOOLS - GIRLS,مدارس عامة - بنات,608,50.61940931,26.15436001
424,SITRA PRIMARY GIRLS SCHOOL,مدرسة سترة الابتدائية للبنات,EDUCATIONAL INSTITUTIONS,مؤسسات تعليمية,PUBLIC SCHOOLS - GIRLS,مدارس عامة - بنات,604,50.60760573,26.1692473399999
425,SITRA SECONDARY GIRLS SCHOOL,مدرسة سترة الثانوية للبنات,EDUCATIONAL INSTITUTIONS,مؤسسات تعليمية,PUBLIC SCHOOLS - GIRLS,مدارس عامة - بنات,609,50.62895133,26.1644957
426,SUMAYAH PRIMARY GIRLS SCHOOL,مدرسة سمية الابتدائية للبنات,EDUCATIONAL INSTITUTIONS,مؤسسات تعليمية,PUBLIC SCHOOLS - GIRLS,مدارس عامة - بنات,312,50.5682525699999,26.22358686
427,TUBLI PRIMARY GIRLS SCHOOL,مدرسة توبلي الابتدائية للبنات,EDUCATIONAL INSTITUTIONS,مؤسسات تعليمية,PUBLIC SCHOOLS - GIRLS,مدارس عامة - بنات,705,50.54801329,26.18173446
428,TULAITOLA PRIMARY GIRLS SCHOOL,مدرسة طليطلة الابتدائية للبنات,EDUCATIONAL INSTITUTIONS,مؤسسات تعليمية,PUBLIC SCHOOLS - GIRLS,مدارس عامة - بنات,1211,50.50629021,26.08904763
429,UMM AL QURRA PRIMARY INTERMEDIATE GIRLS SCHOOL,مدرسة أم القرى الابتدائية الاعدادية للبنات,EDUCATIONAL INSTITUTIONS,مؤسسات تعليمية,PUBLIC SCHOOLS - GIRLS,مدارس عامة - بنات,644,50.6022231299999,26.13817445
430,UMM AYMAN PRIMARY GIRLS SCHOOL,مدرسة أم أيمن الابتدائية للبنات,EDUCATIONAL INSTITUTIONS,مؤسسات تعليمية,PUBLIC SCHOOLS - GIRLS,مدارس عامة - بنات,318,50.59021554,26.2320357999999
431,UMM KALTHOOM INTERMEDIATE GIRLS SCHOOL,مدرسة أم كلثوم الاعدادية للبنات,EDUCATIONAL INSTITUTIONS,مؤسسات تعليمية,PUBLIC SCHOOLS - GIRLS,مدارس عامة - بنات,815,50.56831307,26.15891645
432,UMM SALAMAH INTERMEDIATE GIRLS SCHOOL,مدرسة أم سلمة الاعدادية للبنات ,EDUCATIONAL INSTITUTIONS,مؤسسات تعليمية,PUBLIC SCHOOLS - GIRLS,مدارس عامة - بنات,320,50.59724656,26.22619216
433,WEST RIFFA INTERMEDIATE GIRLS SCHOOL,مدرسة الرفاع الغربي الاعدادية للبنات,EDUCATIONAL INSTITUTIONS,مؤسسات تعليمية,PUBLIC SCHOOLS - GIRLS,مدارس عامة - بنات,910,50.54556163,26.12091316
434,WEST RIFFA PRIMARY GIRLS SCHOOL,مدرسة الرفاع الغربي الابتدائية للبنات,EDUCATIONAL INSTITUTIONS,مؤسسات تعليمية,PUBLIC SCHOOLS - GIRLS,مدارس عامة - بنات,908,50.5405969799999,26.11991416
435,WEST RIFFA SECONDARY GIRLS SCHOOL,مدرسة الرفاع الغربي الثانوية للبنات,EDUCATIONAL INSTITUTIONS,مؤسسات تعليمية,PUBLIC SCHOOLS - GIRLS,مدارس عامة - بنات,912,50.5461517299999,26.12931361
436,YATHREB INTERMEDIATE GIRLS SCHOOL,مدرسة يثرب الاعدادية للبنات,EDUCATIONAL INSTITUTIONS,مؤسسات تعليمية,PUBLIC SCHOOLS - GIRLS,مدارس عامة - بنات,1218,50.5078276699999,26.10743731
437,ZAINAB INTERMEDIATE GIRLS SCHOOL,مدرسة زينب الاعدادية للبنات,EDUCATIONAL INSTITUTIONS,مؤسسات تعليمية,PUBLIC SCHOOLS - GIRLS,مدارس عامة - بنات,524,50.47822619,26.22813508
438,ZANOOBIA INTERMEDIATE GIRLS SCHOOL,مدرسة زنوبيا الاعدادية للبنات,EDUCATIONAL INSTITUTIONS,مؤسسات تعليمية,PUBLIC SCHOOLS - GIRLS,مدارس عامة - بنات,202,50.6195688399999,26.26157701
439,ZUBAIDA PRIMARY GIRLS SCHOOL,مدرسة زبيدة الابتدائية للبنات,EDUCATIONAL INSTITUTIONS,مؤسسات تعليمية,PUBLIC SCHOOLS - GIRLS,مدارس عامة - بنات,216,50.6173263499999,26.24501966
440,ABULT - EDUCATION TRAINING CENTER,أبلت - مركز للتعليم والتدريب,EDUCATIONAL INSTITUTIONS,مؤسسات تعليمية,TRAINING INSTITUTES,معاهد التدريب,308,50.5857390199999,26.2243673599999
441,ADULT EDUCATION TRAINING CENTRE,مركز تعليم الكبار,EDUCATIONAL INSTITUTIONS,مؤسسات تعليمية,TRAINING INSTITUTES,معاهد التدريب,308,50.58573159,26.2244074299999
442,AHMED BIN HANBAL INSTITUTE FOR ISLAMIC STUDIES,مركز أحمد بن حنبل للدراسات الإسلامية,EDUCATIONAL INSTITUTIONS,مؤسسات تعليمية,TRAINING INSTITUTES,معاهد التدريب,809,50.5518909299999,26.1685961899999
443,AIT CENTRE,مركز أ. آى. تي,EDUCATIONAL INSTITUTIONS,مؤسسات تعليمية,TRAINING INSTITUTES,معاهد التدريب,333,50.58180756,26.20442294
444,AL EMAM AL SHAFIE INSTITUTE FOR ISLAMIC STUDIES,معهد الإمام الشافعي للدراسات الإسلامية,EDUCATIONAL INSTITUTIONS,مؤسسات تعليمية,TRAINING INSTITUTES,معاهد التدريب,1204,50.49901572,26.13337796
445,AL EMAM MALEK INSTITUTE FOR ISLAMIC STUDIES,معهد الإمام مالك للدراسات الإسلامية,EDUCATIONAL INSTITUTIONS,مؤسسات تعليمية,TRAINING INSTITUTES,معاهد التدريب,925,50.57019403,26.12991985
446,AL FATEH INSTITUTE,معهد الفاتح,EDUCATIONAL INSTITUTIONS,مؤسسات تعليمية,TRAINING INSTITUTES,معاهد التدريب,931,50.5776124599999,26.1299385899999
447,AL HILAL COMPUTER TRAINING CENTER,مركز الهلال لتدريب الكمبيوتر,EDUCATIONAL INSTITUTIONS,مؤسسات تعليمية,TRAINING INSTITUTES,معاهد التدريب,320,50.59588497,26.2296923
448,AL HILAL COMPUTER TRAINING CENTRE,مركز الهلال لتدريب الكمبيوتر,EDUCATIONAL INSTITUTIONS,مؤسسات تعليمية,TRAINING INSTITUTES,معاهد التدريب,320,50.5958578999999,26.23022319
449,AL JAZEERA MODERN INSTITUTE,معهد الجزيرة الحديث,EDUCATIONAL INSTITUTIONS,مؤسسات تعليمية,TRAINING INSTITUTES,معاهد التدريب,607,50.6195806599999,26.1606264
450,AL MOA'LEM COMPUTER INSTITUTE,معهد المعلم للكمبيوتر,EDUCATIONAL INSTITUTIONS,مؤسسات تعليمية,TRAINING INSTITUTES,معاهد التدريب,421,50.5410765,26.21993093
451,AL SHABAB SPORT ACADEMY,أكاديمية الشباب للرياضة,EDUCATIONAL INSTITUTIONS,مؤسسات تعليمية,TRAINING INSTITUTES,معاهد التدريب,450,50.51685238,26.2190461299999
452,AL YAQEEN INSTITUTE FOR EDUCATION,معهد اليقين التعليمي,EDUCATIONAL INSTITUTIONS,مؤسسات تعليمية,TRAINING INSTITUTES,معاهد التدريب,109,50.6502160699999,26.24522949
453,ALAWAEL INSTITUTE,معهد الأوائل التعليمي,EDUCATIONAL INSTITUTIONS,مؤسسات تعليمية,TRAINING INSTITUTES,معاهد التدريب,913,50.5596759399999,26.1316647999999
454,ALBANNA TRAINING INSTITUTE,معهد البناء للتدريب,EDUCATIONAL INSTITUTIONS,مؤسسات تعليمية,TRAINING INSTITUTES,معاهد التدريب,356,50.56207682,26.2158623099999
455,ALGHAD TRAINING INSTITUTE,معهد الغد للتدريب,EDUCATIONAL INSTITUTIONS,مؤسسات تعليمية,TRAINING INSTITUTES,معاهد التدريب,711,50.56384313,26.20229579
456,ALLIANCE FRANCAISE BAHRAIN,معهد آليانس فرانسيز البحرين,EDUCATIONAL INSTITUTIONS,مؤسسات تعليمية,TRAINING INSTITUTES,معاهد التدريب,841,50.5472449399999,26.1606224199999
457,ALMADINAH INSTITUTE,معهد المدينة,EDUCATIONAL INSTITUTIONS,مؤسسات تعليمية,TRAINING INSTITUTES,معاهد التدريب,359,50.56274366,26.2120275
458,ALMAWRED TRAINING INSTITUTE,معهد المورد للتدريب,EDUCATIONAL INSTITUTIONS,مؤسسات تعليمية,TRAINING INSTITUTES,معاهد التدريب,915,50.5547633799999,26.1351924599999
459,AMERICAN CULTURAL & EDUCATIONAL CENTRE - ACEC,المركز الامريكي الثقافي والتعليمي,EDUCATIONAL INSTITUTIONS,مؤسسات تعليمية,TRAINING INSTITUTES,معاهد التدريب,324,50.6016023299999,26.2183919
460,APTECH COMPUTER CENTRE,مركز أبتك للكمبيوتر,EDUCATIONAL INSTITUTIONS,مؤسسات تعليمية,TRAINING INSTITUTES,معاهد التدريب,359,50.56612771,26.2103024699999
461,ARAB RESEARCH CENTRE,مركز البحوث العربية,EDUCATIONAL INSTITUTIONS,مؤسسات تعليمية,TRAINING INSTITUTES,معاهد التدريب,304,50.5784292499999,26.2338795599999
462,ARABIAN EAST TRAINING CENTER,مركز المشرق العربي للتدريب,EDUCATIONAL INSTITUTIONS,مؤسسات تعليمية,TRAINING INSTITUTES,معاهد التدريب,711,50.5627925599999,26.2017509999999
463,ARABIAN INSTITUTE FOR COMPUTER & LANGUAGE,المعهد العربي للكمبيوتر واللغات,EDUCATIONAL INSTITUTIONS,مؤسسات تعليمية,TRAINING INSTITUTES,معاهد التدريب,433,50.5342576299999,26.20959891
464,ARADOUS EDUCATION CENTRE FOR COMPUTER,مركز ارادوس لتعليم الكمبيوتر,EDUCATIONAL INSTITUTIONS,مؤسسات تعليمية,TRAINING INSTITUTES,معاهد التدريب,721,50.5588261099999,26.17379562
465,ASEEL CENTRE,مركز أسيل,EDUCATIONAL INSTITUTIONS,مؤسسات تعليمية,TRAINING INSTITUTES,معاهد التدريب,314,50.5666042699999,26.2317988299999
466,AWAL HANDICRAFTS CENTRE,مركز اوال للحرف اليدوية,EDUCATIONAL INSTITUTIONS,مؤسسات تعليمية,TRAINING INSTITUTES,معاهد التدريب,812,50.55874008,26.17188364
467,AWAL INSTITUTE OF TRAINING & LANGUAGES,مهعد أوال للتدريب واللغات,EDUCATIONAL INSTITUTIONS,مؤسسات تعليمية,TRAINING INSTITUTES,معاهد التدريب,913,50.5597508199999,26.1309373299999
468,BAHRAIN CHESS ACADEMY,أكاديمية البحرين للشطرنج,EDUCATIONAL INSTITUTIONS,مؤسسات تعليمية,TRAINING INSTITUTES,معاهد التدريب,436,50.5323670599999,26.23630988
469,BAHRAIN COMPUTER & MANAGEMENT INSTITUTE,معهد البحرين للكمبيوتر والادارة,EDUCATIONAL INSTITUTIONS,مؤسسات تعليمية,TRAINING INSTITUTES,معاهد التدريب,320,50.5962131799999,26.22939347
470,BAHRAIN INSTITUTE,معهد البحرين,EDUCATIONAL INSTITUTIONS,مؤسسات تعليمية,TRAINING INSTITUTES,معاهد التدريب,935,50.57124026,26.13463046
471,BAHRAIN INSTITUTE FOR ISLAMIC STUDIES,معهد البحرين للعلوم الشرعية,EDUCATIONAL INSTITUTIONS,مؤسسات تعليمية,TRAINING INSTITUTES,معاهد التدريب,226,50.6038370799999,26.2759473499999
472,BAHRAIN INSTITUTE FOR POLITICAL DEVELOPMENT,معهد البحرين للتنمية السياسية,EDUCATIONAL INSTITUTIONS,مؤسسات تعليمية,TRAINING INSTITUTES,معاهد التدريب,333,50.58252842,26.20700443
473,BAHRAIN INSTITUTE FOR SHARIA'A STUDIES,معهد البحرين للعلوم الشرعية,EDUCATIONAL INSTITUTIONS,مؤسسات تعليمية,TRAINING INSTITUTES,معاهد التدريب,226,50.60385497,26.2768691899999
474,BAHRAIN INSTITUTE OF BANKING AND FINANCE (BIBF),معهد البحرين للدراسات المصرفية والمالية,EDUCATIONAL INSTITUTIONS,مؤسسات تعليمية,TRAINING INSTITUTES,معاهد التدريب,340,50.6026102499999,26.21252522
475,BAHRAIN INSTITUTE OF ENTREPRENEURSHIP AND TECHNOLOGY (BIET),معهد البحرين لريادة الأعمال والتكنولوجيا,EDUCATIONAL INSTITUTIONS,مؤسسات تعليمية,TRAINING INSTITUTES,معاهد التدريب,319,50.59407808,26.2350196999999
476,BAHRAIN INSTITUTE OF HOSPITALITY AND RETAIL,معهد البحرين للضيافة والتجزئة,EDUCATIONAL INSTITUTIONS,مؤسسات تعليمية,TRAINING INSTITUTES,معاهد التدريب,524,50.4767426299999,26.22392936
477,BAHRAIN INTERNATIONAL RETAIL DEVELOPMENT CENTER,مركز البحرين الدولي لتطوير بيع التجزئة,EDUCATIONAL INSTITUTIONS,مؤسسات تعليمية,TRAINING INSTITUTES,معاهد التدريب,340,50.59986193,26.21204251
478,BAHRAIN MONTESSORI CENTRE,مركز مونتيسوري البحرين,EDUCATIONAL INSTITUTIONS,مؤسسات تعليمية,TRAINING INSTITUTES,معاهد التدريب,531,50.47380736,26.2118998
479,BAHRAIN MUSIC INSTITUTE,معهد البحرين للموسيقي,EDUCATIONAL INSTITUTIONS,مؤسسات تعليمية,TRAINING INSTITUTES,معاهد التدريب,333,50.58786546,26.2029603599999
480,BAHRAIN MUSIC INSTITUTE,معهد البحرين للموسيقى,EDUCATIONAL INSTITUTIONS,مؤسسات تعليمية,TRAINING INSTITUTES,معاهد التدريب,333,50.58431834,26.20474416
481,BAHRAIN TRAINING INSTITUTE,معهد البحرين للتدريب,EDUCATIONAL INSTITUTIONS,مؤسسات تعليمية,TRAINING INSTITUTES,معاهد التدريب,841,50.5456093,26.1592782799999
482,BAISAN INSTITUTE OF HOSPITALITY,معهد بيسان للضيافة,EDUCATIONAL INSTITUTIONS,مؤسسات تعليمية,TRAINING INSTITUTES,معاهد التدريب,320,50.59721625,26.2317622899999
483,BAIT AL TALEEM - ENGLISH LANGUAGE INSTITUTE,بيت التعليم - معهد اللغة الإنجليزية,EDUCATIONAL INSTITUTIONS,مؤسسات تعليمية,TRAINING INSTITUTES,معاهد التدريب,732,50.53358249,26.15120997
484,BAS AIRCRAFT ENGINEERING TRAINING CENTRE,مركز باس لتدريب هندسة الطيران,EDUCATIONAL INSTITUTIONS,مؤسسات تعليمية,TRAINING INSTITUTES,معاهد التدريب,224,50.6318725599999,26.2641157499999
485,BERLITZ INSTITUTE,معهد بيرلتز,EDUCATIONAL INSTITUTIONS,مؤسسات تعليمية,TRAINING INSTITUTES,معاهد التدريب,336,50.59266547,26.20663529
486,BRIDGE TRAINING SOLUTIONS,بريدج لحلول التدريب,EDUCATIONAL INSTITUTIONS,مؤسسات تعليمية,TRAINING INSTITUTES,معاهد التدريب,373,50.5705839999999,26.20214022
487,BRITISH COUNCIL,المجلس الثقافي البريطاني,EDUCATIONAL INSTITUTIONS,مؤسسات تعليمية,TRAINING INSTITUTES,معاهد التدريب,356,50.5608841299999,26.2144609899999
488,BRITISH LANGUAGE CENTRE,المركز البريطاني للغات,EDUCATIONAL INSTITUTIONS,مؤسسات تعليمية,TRAINING INSTITUTES,معاهد التدريب,575,50.4785685,26.18672314
489,CAPITAL INSTITUTE,معهد العاصمة,EDUCATIONAL INSTITUTIONS,مؤسسات تعليمية,TRAINING INSTITUTES,معاهد التدريب,332,50.5832774599999,26.2106172
490,COMPUTER AIDED TECHNOLOGIES CENTRE,مركز تكونولوجيا الحاسوب,EDUCATIONAL INSTITUTIONS,مؤسسات تعليمية,TRAINING INSTITUTES,معاهد التدريب,315,50.5680965299999,26.23107599
491,DAR AL MAAREFA INSTITUTE,معهد دار المعرفة,EDUCATIONAL INSTITUTIONS,مؤسسات تعليمية,TRAINING INSTITUTES,معاهد التدريب,408,50.54812588,26.2281083799999
492,DELMON ACADEMY OF THE MANAGEMENT SCIENCE,أكاديمية دلمون للعلوم الإدارية,EDUCATIONAL INSTITUTIONS,مؤسسات تعليمية,TRAINING INSTITUTES,معاهد التدريب,711,50.5626296499999,26.20163745
493,DISTINCTION TRAINING INSTITUTE,مركز ديستنكشن للتدريب,EDUCATIONAL INSTITUTIONS,مؤسسات تعليمية,TRAINING INSTITUTES,معاهد التدريب,328,50.5793198,26.21623535
494,EASTERN INSTITUTE OF TECHNOLOGY,المعهد الشرقي للتكنولوجيا,EDUCATIONAL INSTITUTIONS,مؤسسات تعليمية,TRAINING INSTITUTES,معاهد التدريب,321,50.58968139,26.22600462
495,ENGLISH PLUS INSTITUTE,معهد انجلش بلس,EDUCATIONAL INSTITUTIONS,مؤسسات تعليمية,TRAINING INSTITUTES,معاهد التدريب,207,50.60823699,26.25208415
496,FATIMAH AL ZAHRA' CENTER FOR ISLAMIC STUDIES,مركز فاطمة الزهراء للدراسات الإسلامية,EDUCATIONAL INSTITUTIONS,مؤسسات تعليمية,TRAINING INSTITUTES,معاهد التدريب,734,50.51974723,26.1525418999999
497,FUTURE INFORMATION TECHNOLOGY CENTRE,مركز المستقبل لتكنولوجيا المعلومات,EDUCATIONAL INSTITUTIONS,مؤسسات تعليمية,TRAINING INSTITUTES,معاهد التدريب,319,50.59534072,26.23430652
498,GLOBAL INSTITUTE,المعهد العالمي,EDUCATIONAL INSTITUTIONS,مؤسسات تعليمية,TRAINING INSTITUTES,معاهد التدريب,333,50.58550417,26.2025434
499,GULF ACADEMY,أكاديمية الخليج,EDUCATIONAL INSTITUTIONS,مؤسسات تعليمية,TRAINING INSTITUTES,معاهد التدريب,309,50.58216423,26.21987133
500,GULF INTERNATIONAL INSTITUTE,معهد الخليج الدولي,EDUCATIONAL INSTITUTIONS,مؤسسات تعليمية,TRAINING INSTITUTES,معاهد التدريب,318,50.5954599599999,26.23113237
501,GULF INTERNATIONAL INSTITUTE,معهد الخليج الدولي,EDUCATIONAL INSTITUTIONS,مؤسسات تعليمية,TRAINING INSTITUTES,معاهد التدريب,320,50.59663194,26.22933073
502,GULF INTERNATIONAL INSTITUTE,معهد الخليج الدولي,EDUCATIONAL INSTITUTIONS,مؤسسات تعليمية,TRAINING INSTITUTES,معاهد التدريب,320,50.59611874,26.22972699
503,HANAN TRAINING INSTITUTE,معهد حنان للتدريب,EDUCATIONAL INSTITUTIONS,مؤسسات تعليمية,TRAINING INSTITUTES,معاهد التدريب,711,50.55701998,26.19136186
504,HUMAN PERFORMANCE IMPROVEMENT,تطوير الأداء البشري,EDUCATIONAL INSTITUTIONS,مؤسسات تعليمية,TRAINING INSTITUTES,معاهد التدريب,328,50.57884158,26.21374833
505,INDIAN INSTITUTE FOR PERFORMING ARTS,المعهد الهندي للفنون المسرحية,EDUCATIONAL INSTITUTIONS,مؤسسات تعليمية,TRAINING INSTITUTES,معاهد التدريب,328,50.5791904399999,26.2136403599999
506,INMA TRAINING AND DEVELOPMENT CENTER,مركز إنماء للتدريب والتطوير,EDUCATIONAL INSTITUTIONS,مؤسسات تعليمية,TRAINING INSTITUTES,معاهد التدريب,1038,50.4893034099999,26.09322505
507,ISA BIN SALMAN MOSQUE INSTITUTE FOR ISLAMIC STUDIES,معهد جامع عيسى بن سلمان للدراسات الإسلامية,EDUCATIONAL INSTITUTIONS,مؤسسات تعليمية,TRAINING INSTITUTES,معاهد التدريب,904,50.54106325,26.13047024
508,JAAFARI RELIGIOUS INSTITUTE,المعهد الجعفري الديني,EDUCATIONAL INSTITUTIONS,مؤسسات تعليمية,TRAINING INSTITUTES,معاهد التدريب,324,50.60069756,26.21804416
509,LIFE INSTITUTE,معهد الحياة,EDUCATIONAL INSTITUTIONS,مؤسسات تعليمية,TRAINING INSTITUTES,معاهد التدريب,433,50.53426213,26.2095562099999
510,LOGIC INSTITUTE,معهد لوجك,EDUCATIONAL INSTITUTIONS,مؤسسات تعليمية,TRAINING INSTITUTES,معاهد التدريب,436,50.53182161,26.23557611
511,MANAGEMENT CONSULTANCY GROUP,مجموعة الاستشارات الإدارية,EDUCATIONAL INSTITUTIONS,مؤسسات تعليمية,TRAINING INSTITUTES,معاهد التدريب,315,50.5680267099999,26.23103481
512,MODERN INSTITUTE,المعهد الحديث,EDUCATIONAL INSTITUTIONS,مؤسسات تعليمية,TRAINING INSTITUTES,معاهد التدريب,243,50.64156796,26.25618331
513,MODERN INSTITUTE,المعهد الحديث,EDUCATIONAL INSTITUTIONS,مؤسسات تعليمية,TRAINING INSTITUTES,معاهد التدريب,337,50.59297739,26.2036197199999
514,MODERN INSTITUTE,المعهد الحديث,EDUCATIONAL INSTITUTIONS,مؤسسات تعليمية,TRAINING INSTITUTES,معاهد التدريب,1204,50.4992743399999,26.13647285
515,MODERN SCIENCE AND COMPUTER INSTITUTE,معهد الكمبيوتر والعلوم الحديثة,EDUCATIONAL INSTITUTIONS,مؤسسات تعليمية,TRAINING INSTITUTES,معاهد التدريب,709,50.55327544,26.1779684199999
516,NATIONAL INSTITUTE FOR INDUSTRIAL TRAINING,المعهد الوطني للتدريب الصناعي,EDUCATIONAL INSTITUTIONS,مؤسسات تعليمية,TRAINING INSTITUTES,معاهد التدريب,115,50.6805104999999,26.22008533
517,NATIONAL INSTITUTE OF TECHNOLOGY - NIT,المعهد الوطني للتقنية,EDUCATIONAL INSTITUTIONS,مؤسسات تعليمية,TRAINING INSTITUTES,معاهد التدريب,358,50.5595549199999,26.21311407
518,OASIS TRAINING CENTER,مركز أويسيس للتدريب,EDUCATIONAL INSTITUTIONS,مؤسسات تعليمية,TRAINING INSTITUTES,معاهد التدريب,473,50.5006722999999,26.2190114799999
519,PERFORMING ART CENTRE,مركز الفنون الأدائية,EDUCATIONAL INSTITUTIONS,مؤسسات تعليمية,TRAINING INSTITUTES,معاهد التدريب,473,50.5013974,26.2184279499999
520,PROFESSIONAL TRAINING INSTITUTE,معهد بروفيشنل للتدريب,EDUCATIONAL INSTITUTIONS,مؤسسات تعليمية,TRAINING INSTITUTES,معاهد التدريب,337,50.59736926,26.20141522
521,REGAL GULF TRAINING CENTRE,مركز ريجال الخليج للتدريب,EDUCATIONAL INSTITUTIONS,مؤسسات تعليمية,TRAINING INSTITUTES,معاهد التدريب,408,50.54216222,26.22669537
522,REHABILITATION INSTITUTE - RIA,المعهد التأهيلي,EDUCATIONAL INSTITUTIONS,مؤسسات تعليمية,TRAINING INSTITUTES,معاهد التدريب,326,50.58980625,26.21613062
523,SARD CHILD'S CULTURAL HOUSE,سرد بيت الطفل الثقافي,EDUCATIONAL INSTITUTIONS,مؤسسات تعليمية,TRAINING INSTITUTES,معاهد التدريب,729,50.56887674,26.1678664499999
524,SCORE TRAINING CENTER,معهد سكور للتدريب,EDUCATIONAL INSTITUTIONS,مؤسسات تعليمية,TRAINING INSTITUTES,معاهد التدريب,1014,50.48986026,26.1454600299999
525,SHEIKH NASSER CENTER FOR REHABILITATION AND VOCATIONAL TRAINING,مركز الشيخ ناصر للتأهيل والتدريب المهني,EDUCATIONAL INSTITUTIONS,مؤسسات تعليمية,TRAINING INSTITUTES,معاهد التدريب,957,50.6121554699999,26.02880145
526,SPECIFIC COUNCIL FOR VOCATIONAL TRAINING IN INDUSTRY,مجلس التدريب المهني للصناعة,EDUCATIONAL INSTITUTIONS,مؤسسات تعليمية,TRAINING INSTITUTES,معاهد التدريب,333,50.5795818,26.20524641
527,SUCCESS TRAINING CENTER,مركز النجاح للتدريب,EDUCATIONAL INSTITUTIONS,مؤسسات تعليمية,TRAINING INSTITUTES,معاهد التدريب,333,50.58186829,26.2045038
528,SYLVAN LEARNING CENTRE,مركز سيلفان للتعلم,EDUCATIONAL INSTITUTIONS,مؤسسات تعليمية,TRAINING INSTITUTES,معاهد التدريب,439,50.53357597,26.20542937
529,TALENTED STUDENTS CARE CENTER,مركز رعاية الطلبة الموهوبين,EDUCATIONAL INSTITUTIONS,مؤسسات تعليمية,TRAINING INSTITUTES,معاهد التدريب,221,50.6084780999999,26.2606992199999
530,THE AMIRI ACADEMY OF MEDICAL SPECIALISTS,أكاديمية العامري للإختصاصات الطبية,EDUCATIONAL INSTITUTIONS,مؤسسات تعليمية,TRAINING INSTITUTES,معاهد التدريب,810,50.5482246099999,26.1744304499999
531,THE CHILDREN'S ACADEMY,أكاديمية الأطفال,EDUCATIONAL INSTITUTIONS,مؤسسات تعليمية,TRAINING INSTITUTES,معاهد التدريب,579,50.4808156599999,26.1602754299999
532,THE GULF ACADEMY FOR DEVELOPMENT OF HUMAN RESOURCE,أكاديمية الخليج لتنمية الموارد البشرية,EDUCATIONAL INSTITUTIONS,مؤسسات تعليمية,TRAINING INSTITUTES,معاهد التدريب,336,50.5905918099999,26.21009395
533,THE NINE TRAINING CENTER,مركز ناين للتدريب,EDUCATIONAL INSTITUTIONS,مؤسسات تعليمية,TRAINING INSTITUTES,معاهد التدريب,331,50.57575957,26.2050565099999
534,THE SAUDI BAHRAIN INSTITUTE FOR THE BLIND,المعهد السعودي البحريني للمكفوفين,EDUCATIONAL INSTITUTIONS,مؤسسات تعليمية,TRAINING INSTITUTES,معاهد التدريب,841,50.5504476899999,26.1581101499999
535,THE SAUDI BAHRAINI INSTITUTE FOR THE BLIND,المعهد البحريني السعودي للمكفوفين,EDUCATIONAL INSTITUTIONS,مؤسسات تعليمية,TRAINING INSTITUTES,معاهد التدريب,841,50.5488582899999,26.15753904
536,THE SUPREME COUNCIL FOR TRAINING CAREER,المجلس الأعلى للتدريب المهني,EDUCATIONAL INSTITUTIONS,مؤسسات تعليمية,TRAINING INSTITUTES,معاهد التدريب,718,50.5416250999999,26.16782716
537,TRAINING PLUS INSTITUTE,معهد ترينينج بلاس,EDUCATIONAL INSTITUTIONS,مؤسسات تعليمية,TRAINING INSTITUTES,معاهد التدريب,318,50.58789565,26.2362419399999
538,VICTORY TRAINING & DEVELOPMENT INSTITUTE (VTDI),معهد فيكتوري للتدريب والتطوير,EDUCATIONAL INSTITUTIONS,مؤسسات تعليمية,TRAINING INSTITUTES,معاهد التدريب,362,50.56107089,26.2019337
539,YELLOW HAT TRAINING CENTRE,مركز القبعة الصفراء للتدريب,EDUCATIONAL INSTITUTIONS,مؤسسات تعليمية,TRAINING INSTITUTES,معاهد التدريب,351,50.5543631,26.22538691
540,YOUTH AFFAIRS DIRECTORATE ,إدارة شئون الشباب,EDUCATIONAL INSTITUTIONS,مؤسسات تعليمية,TRAINING INSTITUTES,معاهد التدريب,325,50.59168863,26.2221507
541,AL AHLIYA UNIVERSITY,الجامعة الأهلية,EDUCATIONAL INSTITUTIONS,مؤسسات تعليمية,UNIVERSITIES,جامعات,319,50.59337431,26.2353802499999
542,AMA INTERNATION UNIVERSITY,جامعة اي ام اي الدولية,EDUCATIONAL INSTITUTIONS,مؤسسات تعليمية,UNIVERSITIES,جامعات,712,50.5197167999999,26.18339851
543,APPLIED SCIENCE UNIVERSITY,جامعة العلوم التطبيقية,EDUCATIONAL INSTITUTIONS,مؤسسات تعليمية,UNIVERSITIES,جامعات,623,50.61557126,26.1427860199999
544,ARAB OPEN UNIVERSITY - AOU,الجامعة العربية المفتوحة,EDUCATIONAL INSTITUTIONS,مؤسسات تعليمية,UNIVERSITIES,جامعات,368,50.5357618199999,26.20313037
545,ARAB OPEN UNIVERSITY - AOU,الجامعة العربية المفتوحة,EDUCATIONAL INSTITUTIONS,مؤسسات تعليمية,UNIVERSITIES,جامعات,732,50.5287939299999,26.15596729
546,ARABIAN GULF UNIVERSITY,جامعة الخليج العربي,EDUCATIONAL INSTITUTIONS,مؤسسات تعليمية,UNIVERSITIES,جامعات,329,50.5713626699999,26.21432579
547,BAHRAIN POLYTECHNIC,بوليتكنك البحرين,EDUCATIONAL INSTITUTIONS,مؤسسات تعليمية,UNIVERSITIES,جامعات,840,50.5441353,26.16270442
548,COLLEGE OF HEALTH SCIENCES,كلية العلوم الصحية,EDUCATIONAL INSTITUTIONS,مؤسسات تعليمية,UNIVERSITIES,جامعات,329,50.57466582,26.2165973299999
549,DELMON UNIVERSITY FOR SCIENCE & TECHNOLOGY,جامعة دلمون للعلوم والتكنولوجيا ,EDUCATIONAL INSTITUTIONS,مؤسسات تعليمية,UNIVERSITIES,جامعات,319,50.59299353,26.23649731
550,GULF UNIVERSITY,الجامعة الخليجة,EDUCATIONAL INSTITUTIONS,مؤسسات تعليمية,UNIVERSITIES,جامعات,743,50.57492166,26.1509264399999
551,INSTITUTE OF PUBLIC ADMINISTRATION - BIPA,معهد الإدارة العامة,EDUCATIONAL INSTITUTIONS,مؤسسات تعليمية,UNIVERSITIES,جامعات,436,50.53292488,26.2356607599999
552,NEW YORK INSTITUTE OF TECHNOLOGY,جامعة نيويورك للتكنولوجيا ,EDUCATIONAL INSTITUTIONS,مؤسسات تعليمية,UNIVERSITIES,جامعات,338,50.5934425299999,26.21167294
553,ROYAL COLLEGE OF SURGEONS IN IRELAND MEDICAL UNIVERSITY OF BAHRAIN,جامعة كلية طب الجراحين الملكية الأيرلندية بالبحرين,EDUCATIONAL INSTITUTIONS,مؤسسات تعليمية,UNIVERSITIES,جامعات,228,50.59731344,26.2612489099999
554,ROYAL UNIVERSITY FOR WOMEN,الجامعة الملكية للبنات,EDUCATIONAL INSTITUTIONS,مؤسسات تعليمية,UNIVERSITIES,جامعات,942,50.5499872199999,26.10108165
555,TALAL ABU GHAZALEH UNIVERSITY COLLEGE OF BUSINESS (TAG-UCB),كلية طلال أبو غزالة الجامعية للأعمال,EDUCATIONAL INSTITUTIONS,مؤسسات تعليمية,UNIVERSITIES,جامعات,351,50.55652971,26.2242421099999
556,THE KINGDOM UNIVERSITY,جامعة المملكة,EDUCATIONAL INSTITUTIONS,مؤسسات تعليمية,UNIVERSITIES,جامعات,939,50.5837317599999,26.13575281
557,UNIVERSITY COLLEGE OF BAHRAIN,كلية البحرين الجامعيه ,EDUCATIONAL INSTITUTIONS,مؤسسات تعليمية,UNIVERSITIES,جامعات,575,50.4803752099999,26.1928028399999
558,UNIVERSITY MEDICAL CENTER OF KING ABDULLAH MEDICAL CITY,المركز الطبي الجامعي - مدينة الملك عبدالله الطبية,EDUCATIONAL INSTITUTIONS,مؤسسات تعليمية,UNIVERSITIES,جامعات,328,50.5746365999999,26.21298625
559,UNIVERSITY OF BAHRAIN,جامعة البحرين,EDUCATIONAL INSTITUTIONS,مؤسسات تعليمية,UNIVERSITIES,جامعات,840,50.54428781,26.16263906
560,UNIVERSITY OF BAHRAIN,جامعة البحرين,EDUCATIONAL INSTITUTIONS,مؤسسات تعليمية,UNIVERSITIES,جامعات,1054,50.5150947699999,26.0524706299999
